id,category,prompt,option_a,option_b,option_c,option_d,option_e,correct_index,explanation,difficulty
q-01-01-1,m01-berufsbild-maf,Welche Taetigkeit gehoert typischerweise zum Beruf Maschinen- und Anlagenfuehrer?,Patienten in medizinischen Einrichtungen betreuen.,Gebaeudeelektrik planen und abnehmen.,Ausschliesslich Lohnbuchhaltung fuer Mitarbeitende erstellen.,Fahrzeuge im oeffentlichen Strassenverkehr pruefen.,"Produktionsmaschinen einrichten, bedienen und den Fertigungsprozess ueberwachen.",4,"MAF arbeiten an Produktionsanlagen: einrichten, bedienen, ueberwachen, warten und Qualitaet sichern.",2
q-01-01-2,m01-berufsbild-maf,In welchem Umfeld arbeitet ein MAF mit Schwerpunkt Metall/Kunststofftechnik ueberwiegend?,In der Gastronomie als Servicekraft.,In der Landwirtschaft auf Ackerflaechen.,Ausschliesslich in Call-Center-Abteilungen.,In der industriellen Fertigung von Metall- und Kunststoffbauteilen.,In der ambulanten Pflege.,3,"Der Schwerpunkt Metall/Kunststofftechnik ist auf Fertigung, Maschinenbedienung und Qualitaet ausgerichtet.",2
q-01-02-1,m01-ausbildungsvertrag,Was ist ein Ausbildungsvertrag nach dem Berufsbildungsgesetz?,Nur eine E-Mail ohne Unterschriften.,Ein Vertrag ausschliesslich zwischen Azubi und Berufsschule.,Ein Arbeitsvertrag ohne Bezug zur Ausbildungsordnung.,"Ein schriftlicher Vertrag zwischen Auszubildendem, Ausbildungsbetrieb und ggf. gesetzlichem Vertreter.",Ein muendlicher Handschlag ohne Dokumentation.,3,Der Ausbildungsvertrag regelt Rechte und Pflichten und muss schriftlich geschlossen werden.,2
q-01-02-2,m01-ausbildungsvertrag,Welche Angabe gehoert zwingend in einen Ausbildungsvertrag?,Die Farbe der Werkstattkleidung als einzige Pflichtangabe.,Ausschliesslich die Telefonnummer der IHK.,Dauer der Ausbildung und Art der beruflichen Ausbildung.,Die private Hobbys des Auszubildenden.,Die Urlaubsplaene aller Kollegen.,2,"Pflichtangaben umfassen u. a. Dauer, Berufsbezeichnung und Verguetung gemaess Ausbildungsvertrag.",2
q-01-03-1,m01-berichtsheft,Wozu dient das Berichtsheft in der dualen Ausbildung?,Es dient ausschliesslich der privaten Tagebuchfuehrung.,Es muss nicht von der Ausbildungsleitung kontrolliert werden.,"Es dokumentiert taegliche Ausbildungsinhalte fuer Betrieb, Berufsschule und Pruefung.",Es ersetzt alle Sicherheitsunterweisungen.,Es wird nur einmal im Jahr ohne Inhalt abgegeben.,2,Das Berichtsheft ist Nachweis der Ausbildung und Grundlage fuer Gespraeche mit Ausbilder und Pruefer.,2
q-01-03-2,m01-berichtsheft,Was gehoert zu einer ordentlichen Berichtsheftfuehrung?,Berichtsheft nur bei Krankheit fuehren.,"Taetigkeiten, Lerninhalte und ggf. Betriebsauftraege regelmaessig und wahrheitsgemaess eintragen.",Nur Wochenenden ohne Betriebsbezug beschreiben.,Inhalte erst am Pruefungstag nachtragen.,Ausschliesslich Zeichnungen ohne Text eintragen.,1,"Regelmaessige, nachvollziehbare Eintraege sind Pflicht und zeigen den Ausbildungsfortschritt.",2
q-01-04-1,m01-betriebsorganisation,Was versteht man unter Betriebsorganisation im Produktionsbetrieb?,Das Ignorieren von Schnittstellen zwischen Abteilungen.,"Die strukturierte Abstimmung von Arbeitsplaetzen, Ablaeufen und Verantwortlichkeiten.",Nur die Farbgestaltung der Werkstatt.,Ausschliesslich die Kantinenplanung.,Die private Terminplanung der Azubis.,1,"Gute Betriebsorganisation koordiniert Produktion, Material, Qualitaet und Sicherheit.",2
q-01-04-2,m01-betriebsorganisation,Warum ist die Betriebsorganisation fuer einen MAF wichtig?,"Sie hilft, Auftraege termingerecht, sicher und qualitaetsgerecht abzuarbeiten.",Sie ersetzt technische Zeichnungen vollstaendig.,Sie macht Sicherheitsregeln ueberfluessig.,"Sie gilt nur fuer die Geschaeftsfuehrung, nicht fuer Azubis.",Sie verbietet jede Kommunikation im Team.,0,Strukturierte Ablaeufe reduzieren Fehler und machen Arbeit im Team nachvollziehbar.,2
q-01-05-1,m01-deutscher-qualifikationsrahmen,Wofuer steht der Deutsche Qualifikationsrahmen (DQR)?,Er ordnet berufliche Qualifikationen nach Kompetenzniveaus ein.,Er legt ausschliesslich Urlaubsregeln fest.,Er ersetzt die Ausbildungsordnung vollstaendig.,Er regelt nur die Maschinenwartung.,Er beschreibt nur private Freizeitaktivitaeten.,0,Der DQR macht Qualifikationsniveaus vergleichbar und unterstuetzt lebenslanges Lernen.,2
q-01-05-2,m01-deutscher-qualifikationsrahmen,Welches Niveau hat eine abgeschlossene dual Ausbildung im DQR typischerweise?,Niveau 1 als reine Basiskompetenz.,Niveau 8 als Doktorgrad.,"Kein DQR-Niveau, da nicht vergleichbar.",Niveau 2 ohne Berufsbezug.,Niveau 4 als anerkannte Berufsqualifikation.,4,Die duale Berufsausbildung wird im DQR in der Regel dem Niveau 4 zugeordnet.,2
q-01-06-1,m01-lernregeln-der-app,Wann gilt eine Frage in dieser Lernapp als abgeschlossen?,Sobald die Frage nur angesehen wurde.,Nach einmal falsch beantworten.,Nach dem Ueberspringen ohne Antwort.,Automatisch nach dem Oeffnen der Kategorie.,Nach mindestens einmal beantworten und zweimal hintereinander richtig loesen.,4,Wie bei Fuehrerschein-Apps zaehlt echte Sicherheit durch wiederholtes korrektes Loesen.,2
q-01-06-2,m01-lernregeln-der-app,Wie solltest du Defizite in der App am sinnvollsten bearbeiten?,Schwierige Fragen dauerhaft ausblenden.,Ohne Kategoriebezug zufaellig lernen.,Nach einem Fehler sofort das Thema wechseln.,Fehler je Kategorie auswerten und gezielt wiederholen.,Nur bereits richtige Fragen trainieren.,3,Kategoriebezogenes Wiederholen macht Luecken sichtbar und verbessert Pruefungsvorbereitung.,2
q-01-07-1,m01-rechte-des-azubis,Welches Recht hat ein Auszubildender in der Berufsschule?,Sicherheitsregeln nach Belieben zu ignorieren.,Ohne Grund die Ausbildung jederzeit zu beenden ohne Folgen.,Keinen Anspruch auf Unterweisung in Fachinhalten.,Anspruch auf sorgfaeltige Ausbildung entsprechend Ausbildungsvertrag und Rahmenlehrplan.,Frei von jeder Berichtsheftfuehrung zu sein.,3,Azubis haben Anspruch auf qualifizierte Ausbildung in Betrieb und Berufsschule.,2
q-01-07-2,m01-rechte-des-azubis,Welches Recht betrifft die Verguetung in der Ausbildung?,Freiwillige Spende statt feste Verguetung.,Verguetung nur in den Ferienmonaten.,Anspruch auf Ausbildungsverguetung gemaess Tarif oder Mindestverguetung.,Keine Verguetung waehrend der gesamten Ausbildung.,Verguetung nur nach bestandener Abschlusspruefung.,2,Auszubildende erhalten eine gesetzlich geregelte Ausbildungsverguetung.,2
q-01-08-1,m01-pflichten-des-azubis,Welche Pflicht hat ein Auszubildender gegenueber dem Ausbildungsbetrieb?,Das Berichtsheft nie fuehren.,Arbeitsmittel unsachgemaess behandeln.,Lern- und Arbeitsaufgaben sorgfaeltig ausfuehren und Anweisungen befolgen.,Betriebsgeheimnisse an Wettbewerber weitergeben.,Sicherheitsregeln bewusst umgehen.,2,"Pflichten umfassen sorgfaeltiges Lernen, Treue, Puenktlichkeit und Sicherheitsvorschriften.",2
q-01-08-2,m01-pflichten-des-azubis,Was gehoert zu den Pflichten eines Azubis im Produktionsbetrieb?,Unterweisungen ohne Teilnahme ersetzen.,Persoenliche Schutzausruestung tragen und Gefahren melden.,Schutzeinrichtungen absichtlich ueberbruecken.,Schaeden an Maschinen verschweigen.,Arbeitsplaetze unaufgeraeumt verlassen ohne Meldung.,1,"Sicherheit, Sorgfalt und Meldepflicht sind zentrale Pflichten im Betrieb.",2
q-01-09-1,m01-schwerpunkt-metall-kunststoff,Was kennzeichnet den Schwerpunkt Metall/Kunststofftechnik beim MAF?,Ausschliesslich Holzbearbeitung im Handwerk.,Bearbeitung metallischer und kunststoffbasierter Werkstuecke auf Maschinen und Anlagen.,Ausschliesslich Buero- und Verwaltungsaufgaben.,Nur Lebensmittelverarbeitung ohne Maschinen.,Nur Softwareentwicklung ohne Fertigung.,1,"Der Schwerpunkt umfasst spanende und umformende Verfahren, Werkstoffe und Qualitaetssicherung.",2
q-01-09-2,m01-schwerpunkt-metall-kunststoff,Welches Lernfeld gehoert typisch zum Schwerpunkt Metall/Kunststofftechnik?,"Werkstoffe, Fertigungstechnik, Pneumatik und Qualitaetspruefung.",Nur Fremdsprachen ohne Technik.,Ausschliesslich Marketing und Vertrieb.,Nur Gaertnerische Pflanzenkunde.,Keine praktische Maschinenarbeit.,0,"Metall/Kunststofftechnik verbindet Werkstoffkunde, Fertigung und Anlagenbedienung.",2
q-01-10-1,m01-pruefungsvorbereitung-einstieg,Wie lange dauert die Ausbildung zum MAF gemaess Ausbildungsordnung?,6 Monate ohne Pruefung.,36 Monate ohne Zwischenpruefung.,12 Monate mit sofortigem Meisterbrief.,48 Monate als reine Berufsschulzeit.,24 Monate mit Zwischen- und Abschlusspruefung.,4,Die MAF-Ausbildung dauert 24 Monate; die Zwischenpruefung erfolgt nach dem ersten Jahr.,2
q-01-10-2,m01-pruefungsvorbereitung-einstieg,Was ist ein sinnvoller Einstieg in die Pruefungsvorbereitung?,Alle Themen ohne Struktur mischen.,Technische Unterlagen dauerhaft ignorieren.,Sicherheitsregeln aus der Vorbereitung ausklammern.,Lernziele je Monat wiederholen und pruefungsnahe Aufgaben nach Kategorien trainieren.,Nur am letzten Tag vor der Pruefung lernen.,3,Strukturierte Wiederholung nach Monats- und Pruefungskategorien sichert Pruefungsreife.,2
q-02-01-1,m02-arbeitsschutz,Was ist das Ziel des Arbeitsschutzes in der Fertigung?,Schutzmassnahmen erst nach Unfaellen einfuehren.,PSA nur freiwillig bei Laune tragen.,Gefaehrdungsbeurteilungen dauerhaft ignorieren.,Gefahren vermeiden und Gesundheit der Beschaeftigten schuetzen.,Produktion ohne jede Vorgabe maximieren.,3,"Arbeitsschutz umfasst Praevention, Beurteilung von Gefaehrdungen und Schutzmassnahmen.",2
q-02-01-2,m02-arbeitsschutz,Wer ist im Betrieb fuer den Arbeitsschutz mitverantwortlich?,Nur die Hausverwaltung des Gebaeudes.,Niemand im Betrieb selbst.,"Arbeitgeber, Fuehrungskraefte und jeder Beschaeftigte nach seinen Moeglichkeiten.",Nur die Berufsgenossenschaft ohne Beteiligung.,Ausschliesslich der Azubi allein.,2,Arbeitsschutz ist Aufgabe aller Beteiligten; jeder muss mitwirken und Regeln einhalten.,2
q-02-02-1,m02-brandschutz,Welche Massnahme gehoert zum vorbeugenden Brandschutz?,Feuerloescher nicht pruefen.,Rauchmelder absichtlich deaktivieren.,Heissarbeiten nur mit Erlaubnisschein und Feuerwache durchfuehren.,Brennbare Fluessigkeiten offen neben Funkenquellen lagern.,Fluchtwege mit Material stellen.,2,Brandschutz verhindert Entstehungsbraende und sichert Rettungswege.,2
q-02-02-2,m02-brandschutz,Was ist bei einem Brand in der Werkstatt zuerst zu tun?,Weiterarbeiten bis Rauch sichtbar wird.,Personen in Sicherheit bringen und Alarm ausloesen.,"Erst Material retten, dann melden.",Tueren zu allen Raeumen abschliessen und warten.,Brand mit Wasser loeschen ohne Lagebeurteilung.,1,Menschenrettung und Alarm haben Vorrang; dann gezielt loeschen wenn moeglich.,2
q-02-03-1,m02-gefahrstoffe,Was kennzeichnet einen Gefahrstoff im Betrieb?,Sicherheitsdatenblatt ist optional.,Er kann Gesundheit oder Umwelt gefaehrden und muss gekennzeichnet werden.,Er riecht immer nach Zitrone.,Er ist nur in Fluessigform gefaehrlich.,Kennzeichnung ist freiwillig.,1,"Gefahrstoffe haben Kennzeichnung, SDB und besondere Lager- und Entsorgungsregeln.",2
q-02-03-2,m02-gefahrstoffe,Wo findest du Informationen zu Schutzmassnahmen bei Kuehlmitteln?,Im Sicherheitsdatenblatt und in der Betriebsanweisung.,Nur in sozialen Medien.,In der Kantinenkarte.,"Nirgends, man probiert aus.",Ausschliesslich im Berichtsheft des Azubis.,0,"SDB und Betriebsanweisungen geben Schutz-, Lager- und Erste-Hilfe-Hinweise.",2
q-02-04-1,m02-entsorgung,Wie muessen oelhaltige Reinigungstuecher aus der Werkstatt entsorgt werden?,Als problematische Abfaelle getrennt in dafuer vorgesehene Behaelter.,Im Papierkorb der Kantine.,Unbegrenzt auf dem Werksgelände verbrennen.,In den Abfluss spuelen.,Mit Metallspaenen vermischen und wegwerfen.,0,Fett- und oelhaltige Abfaelle gehoeren in getrennte Entsorgung gemaess Betriebsvorgabe.,2
q-02-04-2,m02-entsorgung,Warum ist getrennte Entsorgung von Metallspaenen und Kuehlmittelresten wichtig?,Nur wegen der Farbe der Behaelter.,Weil es schneller aussieht.,Weil Recycling grundsaetzlich verboten ist.,Weil Abfaelle im Betrieb nicht entstehen duerfen.,Zum Schutz von Umwelt und zur Einhaltung gesetzlicher Vorschriften.,4,Fachgerechte Entsorgung verhindert Umweltbelastung und ermoeglicht Recycling.,2
q-02-05-1,m02-unfallverhalten,Was ist nach einem Arbeitsunfall mit Verletzung zuerst zu tun?,Weiterarbeiten und spaeter Bescheid sagen.,Nur das Werkstueck retten.,Unfall geheim halten.,Maschine ohne Pruefung sofort wieder starten.,Erste Hilfe leisten und den Unfall melden.,4,"Erste Hilfe, Absicherung der Unfallstelle und Meldung sind Pflicht.",2
q-02-05-2,m02-unfallverhalten,Warum muss ein Beinahe-Unfall dokumentiert werden?,Weil es die Produktion verlangsamt.,Weil Azubis extra bestraft werden.,Weil Beinahe-Unfaelle irrelevant sind.,Um Gefahrenquellen zu beseitigen bevor ein schwerer Unfall entsteht.,Nur fuer Statistik ohne Massnahmen.,3,Beinahe-Unfaelle zeigen Schwachstellen im Arbeitsschutz und muessen abgestellt werden.,2
q-02-06-1,m02-umweltschutz,Was gehoert zum umweltgerechten Handeln in der Produktion?,Energie ohne Bedarf verschwenden.,Laermquellen absichtlich erhoehen.,Entsorgungsvorschriften ignorieren.,Stoffe sparsam einsetzen und Abfaelle getrennt sammeln.,Kuehlmittel unbegrenzt in den Boden laufen lassen.,3,Umweltschutz im Betrieb bedeutet sparsamer Umgang mit Stoffen und Energie.,2
q-02-06-2,m02-umweltschutz,Welche Massnahme spart Ressourcen bei der Metallbearbeitung?,Kuehlmittel nicht filtern und sofort entsorgen.,Maschinen im Leerlauf laufen lassen.,Materialbedarf planen und Verschnitt minimieren.,Immer groessere Rohlinge ohne Planung verwenden.,Mehrfach nachbearbeiten wegen Fehlplanung.,2,Planung und saubere Prozesse reduzieren Material- und Energieverbrauch.,2
q-02-07-1,m02-persoenliche-schutzausruestung,Wann musst du persoenliche Schutzausruestung (PSA) tragen?,Nur wenn es modisch aussieht.,Nie in der Metallwerkstatt.,Wenn die Gefaehrdungsbeurteilung oder Betriebsanweisung es vorschreibt.,Nur bei Besuch der Geschaeftsfuehrung.,Erst nach einem Unfall.,2,"PSA wie Schutzbrille, Gehoerschutz oder Sicherheitsschuhe schuetzt vor typischen Gefahren.",2
q-02-07-2,m02-persoenliche-schutzausruestung,Welche PSA ist beim Laerm an einer Fraesmaschine typisch?,Keine Schutzmassnahme noetig.,Gehoerschutz oder kapselgekapselte Gehoerschuetzer.,Nur Sonnenbrille.,Offene Sandalen.,Baumwollhandschuhe ohne weiteren Schutz.,1,Laerm kann Hoerschaeden verursachen; Gehoerschutz ist dann Pflicht.,2
q-02-08-1,m02-gefahrenkennung,Welches Symbol weist auf elektrische Spannung hin?,Parkplatz-Symbol.,Gefahr durch elektrischen Strom (Blitzpfeil).,Biohazard-Symbol fuer Biostoffe.,Recycling-Symbol fuer Papier.,Feuerloescher-Symbol allein.,1,Warnzeichen fuer elektrische Spannung weisen auf Stromschlaggefahr hin.,2
q-02-08-2,m02-gefahrenkennung,Was deutet auf eine Quetschgefahr an einer Presse hin?,Warnung vor beweglichen Maschinenteilen und fehlende Schutzeinrichtung.,Gruene Beleuchtung allein.,Sauberer Arbeitsplatz ohne Bedeutung.,Nur hohe Raumtemperatur.,Vorhandensein von Werkzeugkoffer.,0,"Bewegliche Teile, Einzugsstellen und fehlende Schutzeinrichtungen sind Quetschgefahren.",2
q-02-09-1,m02-notfallmassnahmen,Was gehoert zu Notfallmassnahmen im Betrieb?,"Ersthelfer, Notrufnummern und Fluchtwege kennen.",Notfallplaene nie lesen.,Feuerloescher verstecken.,Ersthelfer ersetzen durch Azubis ohne Unterweisung.,Fluchtwege als Lager nutzen.,0,"Notfallvorbereitung umfasst Kenntnis von Fluchtwegen, Meldestellen und Ersthelfern.",2
q-02-09-2,m02-notfallmassnahmen,Wen rufst du bei einem schweren Unfall in Deutschland zuerst an?,Die Wetterhotline.,Den Lieferanten von Werkzeugen.,Nur die Kollegen per Chat.,Die Steuerberatung.,Den Notruf 112 fuer Rettungsdienst und ggf. Feuerwehr.,4,112 ist der europaeische Notruf fuer medizinische und brandbedingte Notfaelle.,2
q-02-10-1,m02-pruefungsaufgaben-shu,"Welche Aussage zu Sicherheit, Gesundheit und Umweltschutz (SHU) ist pruefungsrelevant?",SHU kann nach bestandener ZP ignoriert werden.,SHU betrifft nur die Geschaeftsfuehrung.,SHU ersetzt Fachwissen vollstaendig.,SHU-Regeln gelten vor jeder produktiven Taetigkeit und bei Stoerungen.,SHU gilt nur in der Berufsschule.,3,SHU ist Grundlage sicherer Arbeit und wird in Pruefungen regelmaessig abgefragt.,2
q-02-10-2,m02-pruefungsaufgaben-shu,Wie bearbeitest du eine PAL-Frage zum Thema Gefahrstoffe am sinnvollsten?,Nur nach Bauchgefuehl ohne Lesen.,Zeichnungen und Symbole ignorieren.,"Kennzeichnung, Schutz und Entsorgung fachlich zuordnen und eine Antwort markieren.",Die laengste Antwort immer waehlen.,Alle Antworten ankreuzen.,2,"Bei SHU-Fragen zaehlen korrekte Zuordnung von Gefahren, Schutz und Verhalten.",2
q-03-01-1,m03-stahl-und-ne-metalle,Was kennzeichnet unlegierte Staehle?,Sie koennen nicht spanend bearbeitet werden.,Sie enthalten keinen Kohlenstoff.,Sie enthalten vor allem Eisen und Kohlenstoff ohne wesentliche Legierungselemente.,Sie bestehen ausschliesslich aus Aluminium.,Sie sind immer nicht magnetisch.,2,Baustaehle sind typische unlegierte Staehle fuer allgemeine Fertigung.,2
q-03-01-2,m03-stahl-und-ne-metalle,Welches NE-Metall ist wegen geringem Gewicht oft im Leichtbau?,Kupfer als Kunststoff.,Aluminium.,Blei als Leichtmetall.,Gold fuer Maschinenbau.,Reines Eisen als NE-Metall.,1,Aluminium gehoert zu den NE-Metallen und wird wegen Leichtigkeit eingesetzt.,2
q-03-02-1,m03-kunststoffarten,Was ist ein Thermoplast?,Ein Kuehlmittel auf Wasserbasis.,"Ein Kunststoff, der bei Erwaermung wieder verformbar wird.","Ein Kunststoff, der nach Erwaermung nicht mehr verformbar ist.",Ein reiner Metallwerkstoff.,Ein Schmiermittel.,1,Thermoplaste wie PA oder PE koennen wiederholt aufgeschmolzen werden.,2
q-03-02-2,m03-kunststoffarten,Welcher Kunststoff ist typisch fuer technische Formteile mit hoher Festigkeit?,Polyamid (PA).,Pappe.,Beton.,Gips.,Holzspan ohne Bindemittel.,0,PA wird wegen Festigkeit und Verschleissfestigkeit in Technikteilen eingesetzt.,2
q-03-03-1,m03-schmier--und-kuehlmittel,Wozu dient Schmierstoff an einer Werkzeugmaschine?,Reibung verringern und Verschleiss reduzieren.,Maschine absichtlich ueberhitzen.,Span nur optisch einfaerben.,Elektrische Spannung erhoehen.,Werkstueck ohne Spannung einspannen.,0,"Schmierstoffe schuetzen Fuehrungen, Lager und Getriebe vor Verschleiss.",2
q-03-03-2,m03-schmier--und-kuehlmittel,Welche Aufgabe hat Kuehlmittel beim Fraesen?,Werkzeug haerten.,Maschine elektrisch isolieren.,Toleranzen automatisch einhalten.,Schutzeinrichtungen ersetzen.,Waerme abfuehren und Span transportieren.,4,Kuehlmittel kuehlt Schnittstelle und verbessert Oberflaeche und Standzeit.,2
q-03-04-1,m03-lagerung-und-kennzeichnung,Wie muessen Gefahrstoffe im Betrieb gelagert werden?,Offen neben Maschinen ohne Deckel.,Mit Lebensmitteln im Kuehlschrank.,Unbegrenzt in der Sonne.,Ohne Beschriftung im Gang.,"Gemaess Kennzeichnung, SDB und Betriebsvorgabe in geeigneten Behaeltern.",4,"Lagerung muss Undichtigkeiten, Entzuendung und Verwechslung verhindern.",2
q-03-04-2,m03-lagerung-und-kennzeichnung,Was gehoert zur Kennzeichnung von Betriebsstoffen?,Ausschliesslich das Gewicht.,Keine Angaben noetig.,Nur das Verfallsdatum von Lebensmitteln.,"Produktname, Gefahrenpiktogramme und Herstellerangaben.",Nur die Farbe des Behaelters.,3,Kennzeichnung ermoeglicht sicheren Umgang und richtige Entsorgung.,2
q-03-05-1,m03-werkstoffeigenschaften,Was beschreibt die Haerte eines Werkstoffs?,Preis pro Kilogramm.,Magnetisierbarkeit allein.,Geruch beim Schneiden.,Widerstand gegen Eindringen eines anderen Koerpers.,Farbe der Oberflaeche.,3,Haerte beeinflusst Bearbeitbarkeit und Verschleissverhalten.,2
q-03-05-2,m03-werkstoffeigenschaften,Warum ist Zaehigkeit wichtig bei Metallbauteilen?,Sie macht Messen ueberfluessig.,Sie gilt nur fuer Kunststoffe.,Sie bestimmt das Verhalten bei ploetzlicher Belastung ohne Sproedbruch.,Sie legt die Farbe fest.,Sie ersetzt Toleranzpruefung.,2,Zaehigkeit beschreibt Bruchverhalten unter Schlag- oder Biegebelastung.,2
q-03-06-1,m03-betriebsstoffe-sicher-nutzen,Was ist vor dem Wechsel eines Kuehlmittels zu pruefen?,Ob es billiger als Wasser ist.,"Nichts, Mischen ist immer erlaubt.","Betriebsanweisung, Vertraeglichkeit und Entsorgungsvorschriften.",Nur die Lieblingsfarbe.,Ob Kollegen es trinken wuerden.,2,Kuehlmittel muessen zur Maschine passen und sicher entsorgt werden.,2
q-03-06-2,m03-betriebsstoffe-sicher-nutzen,Wie verhinderst du Hautreizungen durch Oele und Emulsionen?,Schutzhandschuhe nie wechseln.,"PSA tragen, Hautschutz nutzen und Haende nach Arbeitsende reinigen.",Stoffe auf der Haut trocknen lassen.,Ohne Handschuhe dauerhaft arbeiten.,Kuehlmittel als Lotion verwenden.,1,Chemische Betriebsstoffe erfordern Hautschutz und hygienisches Verhalten.,2
q-03-07-1,m03-materialauswahl,Wann waahlst du Aluminium statt Stahl fuer ein Bauteil?,Nur wegen niedrigerer Haerte allein.,Wenn geringes Gewicht und Korrosionsbestaendigkeit gefordert sind.,Wenn maximaler Verschleiss ohne Schutz noetig ist.,Wenn das Bauteil magnetisch sein muss.,Immer ohne technische Begruendung.,1,"Materialauswahl folgt aus Anforderungen an Gewicht, Festigkeit und Korrosion.",2
q-03-07-2,m03-materialauswahl,Welcher Faktor spricht gegen Kunststoff bei hoher Temperatur im Dauerbetrieb?,Thermoplastische Kunststoffe koennen weich werden oder verformen.,Kunststoffe sind immer hitzebestaendig bis 1000 Grad.,Metalle werden bei Waerme weicher als PE.,Temperatur spielt keine Rolle.,Kunststoffe leiten Waerme immer besser als Kupfer.,0,Temperaturgrenzen und Medienbestaendigkeit muessen bei Kunststoffen beachtet werden.,2
q-03-08-1,m03-recycling-und-entsorgung,Warum werden Metallspaene getrennt gesammelt?,Zum Recycling und zur Vermeidung von Fremdstoffbelastung.,Weil sie unsichtbar sind.,Weil Entsorgung verboten ist.,Weil sie immer gefaehrlich sind wie Saeure.,Weil sie nur im Buero entsorgt werden duerfen.,0,Saubere Trennung erhoeht Recyclingquote und senkt Entsorgungskosten.,2
q-03-08-2,m03-recycling-und-entsorgung,Wie entsorgst du kontaminierte Putzlappen mit Oel?,Im Restmuell ohne Beachtung.,Auf dem Parkplatz verbrennen.,Im Kuehlmittelbehaelter.,Mit Edelmetallen vermischen.,In den dafuer vorgesehenen Sondermuell- oder Altpapierbehaeltern gemaess Vorgabe.,4,Kontaminierte Hilfsstoffe sind problematische Abfaelle mit Sonderregeln.,2
q-03-09-1,m03-werkstoffpruefung,Wofuer dient eine Haertepruefung nach Rockwell?,Farbe von Kunststoffen zu messen.,Laenge ohne Werkzeug zu schaetzen.,Gewicht von Fluessigkeiten.,Spannung an Ventilen.,Haerte von Metallen mit definierter Pruefkraft zu bestimmen.,4,Haertepruefungen liefern vergleichbare Werte fuer Werkstoffeigenschaften.,2
q-03-09-2,m03-werkstoffpruefung,Was ist bei einer Zugprobe das typische Ergebnis?,Die elektrische Leitfaehigkeit allein.,Die Farbtemperatur der Maschine.,Die Pneumatikdruckkurve.,Festigkeit und Dehnung des Werkstoffs bis zum Bruch.,Nur die Oberflaechenrauheit.,3,"Zugversuche zeigen Streckgrenze, Zugfestigkeit und Bruchdehnung.",2
q-03-10-1,m03-pruefungsaufgaben-werkstoffe,Welche Frage zu Werkstoffen ist typisch in Pruefungsaufgaben?,Kunststoffe nie von Metallen unterscheiden.,Betriebsstoffe ignorieren.,Werkstoff anhand Eigenschaft und Verwendung zuordnen.,Werkstoff nur nach Farbe waehlen.,Alle Metalle als gleich behandeln.,2,"Pruefungen testen Zuordnung von Werkstoff, Verfahren und Anwendung.",2
q-03-10-2,m03-pruefungsaufgaben-werkstoffe,Wie erkennst du in einer MC-Frage den richtigen Schmierstoff?,Viskosaet ist irrelevant.,"Anwendung, Viskosaet und Herstellerangabe zur Maschine passend zuordnen.",Immer das teuerste Produkt waehlen.,Schmierstoff durch Kuehlmittel ersetzen.,Nur nach Geruch entscheiden.,1,Schmierstoffwahl folgt aus Maschinendokumentation und Einsatzbedingungen.,2
q-04-01-1,m04-technische-zeichnung,Was liefert eine technische Zeichnung fuer die Fertigung?,Nur Marketingtexte.,"Masse, Form, Toleranzen und Bearbeitungshinweise.",Nur den Verkaufspreis.,Ausschliesslich Urlaubsplan.,Keine Informationen zu Toleranzen.,1,Zeichnungen sind verbindliche Arbeitsgrundlage fuer Herstellung und Pruefung.,2
q-04-01-2,m04-technische-zeichnung,Welche Ansicht zeigt ein Bauteil von vorne?,Frontansicht gemaess Projektionsregeln.,Isometrie als einzige Regelansicht.,Schnitt ohne Bezugslinie.,Beliebige Skizze ohne Massangaben.,Nur 3D-Rendering ohne Masse.,0,Normgerechte Ansichten ermoeglichen eindeutige Mass- und Formangaben.,2
q-04-02-1,m04-symbole-und-normen,Was bedeutet das Symbol fuer Oberflaechenrauheit Ra?,Arithmetischer Mittelwert der Rauheit in Mikrometern.,Radius in Millimeter.,Rockwell-Haerte.,Drehzahl der Maschine.,Druck in bar.,0,Ra beschreibt die gemittelte Rauheit einer Oberflaeche.,2
q-04-02-2,m04-symbole-und-normen,Welche Normen sind in der technischen Kommunikation wichtig?,Nur Kochrezepte.,Keine Normen in der Industrie.,Ausschliesslich Sportregeln.,Nur Social-Media-Richtlinien.,"DIN/ISO-Normen fuer Zeichnungen, Toleranzen und Symbole.",4,Normen sichern einheitliche Darstellung und Verstaendnis im Betrieb.,2
q-04-03-1,m04-tabellenbuch,Wofuer nutzt du ein Tabellenbuch in der Ausbildung?,Als Ersatz fuer Berichtsheft.,Nur fuer Freizeit-Lesestoff.,Zum Loeschen von Maschinendaten.,Als Schutzhandschuh.,"Normwerte, Formeln und technische Daten nachschlagen.",4,"Tabellenbuecher enthalten z. B. Gewinde, Toleranzen und Festigkeitswerte.",2
q-04-03-2,m04-tabellenbuch,Wo findest du Gewindetabellen fuer metrisches ISO-Gewinde?,In der Wetter-App.,"Nirgends, man schaetzt.",Ausschliesslich im Telefonbuch.,Im Tabellenbuch oder in der Norm-Dokumentation.,Nur in der Kantinenkarte.,3,Gewindedaten sind standardisiert und in Tabellenwerken hinterlegt.,2
q-04-04-1,m04-skizzen-erstellen,Was gehoert zu einer fachlichen Skizze im Betrieb?,Ausschliesslich Farbverlauf.,Keine Beschriftung.,Nur persoenliche Notizen ohne Bezug.,"Massangaben, Werkstoff und wesentliche Formmerkmale.",Nur dekorative Zeichnung ohne Masse.,3,Skizzen dienen der schnellen technischen Kommunikation mit relevanten Angaben.,2
q-04-04-2,m04-skizzen-erstellen,Warum skizzierst du ein Bauteil vor der Bearbeitung?,Nur fuer kuenstlerische Uebung.,Um Pruefmittel zu ersetzen.,"Um Mass, Verlauf und Bearbeitungsfolge zu klaeren.",Um Sicherheitsregeln zu ersetzen.,Weil Zeichnungen verboten sind.,2,Skizzen unterstuetzen Planung und Abstimmung im Team.,2
q-04-05-1,m04-arbeitsplaene-lesen,Was enthaelt ein Arbeitsplan?,Keine Bezuege zu Zeichnungen.,Nur Werbetexte.,"Geordnete Arbeitsschritte mit Werkzeugen, Masse und Pruefpunkten.",Nur die Mittagspause.,Ausschliesslich Lohnlisten.,2,Arbeitsplaene strukturieren Fertigung und Qualitaetskontrolle.,2
q-04-05-2,m04-arbeitsplaene-lesen,In welcher Reihenfolge liest du Arbeitsplan und Zeichnung?,Zeichnung ignorieren wenn komplex.,"Auftrag verstehen, Zeichnung pruefen, Arbeitsplan Schritt fuer Schritt abarbeiten.","Maschine starten, dann Unterlagen suchen.",Nur Arbeitsplan ohne Zeichnung.,Unterlagen nach Fertigstellung lesen.,1,Technische Unterlagen muessen vor Arbeitsbeginn vollstaendig verstanden sein.,2
q-04-06-1,m04-produktionsdaten,Was sind Produktionsdaten in der Fertigung?,Nur Farbcodes ohne Bedeutung.,"Informationen zu Auftrag, Material, Maschine, Parametern und Stueckzahlen.",Nur Wetterdaten.,Private Kontaktdaten.,Ausschliesslich Kantinenpreise.,1,Produktionsdaten steuern und dokumentieren den Fertigungsprozess.,2
q-04-06-2,m04-produktionsdaten,Warum muessen Produktionsdaten aktuell sein?,"Damit Fertigung, Qualitaet und Rueckverfolgbarkeit sichergestellt sind.",Nur fuer die Dekoration.,Weil alte Daten die Maschine schneller machen.,Weil Dokumentation optional ist.,Weil Kunden keine Daten brauchen.,0,Aktuelle Daten verhindern Fehlproduktion und ermoeglichen Nachweis.,2
q-04-07-1,m04-uebergabedokumente,Was gehoert in ein Uebergabeprotokoll zwischen Schichten?,"Stand der Anlage, offene Stoerungen und durchgefuehrte Arbeiten.",Private Termine.,Nur Wetterbericht.,Keine Angaben zu Stoerungen.,Ausschliesslich Witze.,0,Uebergaben sichern kontinuierlichen Betrieb und Informationsfluss.,2
q-04-07-2,m04-uebergabedokumente,Warum ist die Schichtuebergabe fuer MAF wichtig?,Weil sonst die Pause verlaengert wird.,Weil Zeichnungen dann ueberfluessig sind.,Weil Maschinen ohne Info schneller sind.,Weil Qualitaet keine Rolle spielt.,Nachfolgende Schicht kann sicher weiterarbeiten und Stoerungen vermeiden.,4,Vollstaendige Uebergabe verhindert Fehler und Sicherheitsrisiken.,2
q-04-08-1,m04-technische-kommunikation-im-betrieb,Wie kommunizierst du technische Abweichungen im Team?,Abweichung verschweigen.,Nur muendlich ohne Nachweis.,Maschine heimlich weiterlaufen lassen.,Verantwortung dauerhaft verweigern.,"Sachlich melden, dokumentieren und zustaendige Person informieren.",4,Klare Kommunikation ist Voraussetzung fuer Qualitaet und Sicherheit.,2
q-04-08-2,m04-technische-kommunikation-im-betrieb,Welches Medium eignet sich fuer technische Massnahmen im Betrieb?,Nur private Chatgruppe ohne Dokumentation.,Keine schriftliche Festhaltung.,Ausschliesslich muendliche Geruechte.,"Arbeitsanweisung, Protokoll oder digitales Ticketsystem gemaess Betrieb.",Anonyme Graffiti-Wand.,3,Nachvollziehbare Dokumentation sichert Massnahmen und Verantwortlichkeiten.,2
q-04-09-1,m04-dokumentation,Was gehoert zur produktionsbezogenen Dokumentation?,Ausschliesslich Urlaubsantraege.,Keine Pruefwerte.,Nur Fotos ohne Kontext.,"Pruefprotokolle, Rueckverfolgbarkeit und Aenderungshinweise.",Nur persoenliche Notizen ohne Auftragsbezug.,3,"Dokumentation stuetzt Qualitaet, Reklamation und Prozessverbesserung.",2
q-04-09-2,m04-dokumentation,Warum dokumentierst du Messwerte zum Werkstueck?,Nur fuer Social Media.,Weil Zeichnungen dann entfallen.,Zum Nachweis der Qualitaet und fuer spaetere Rueckverfolgung.,Weil Messen optional ist.,Weil Werte niemand braucht.,2,Messprotokolle belegen Einhaltung von Toleranzen und Vorgaben.,2
q-04-10-1,m04-pruefungsaufgaben-tk,Welche Aufgabe ist typisch in Pruefungsaufgaben zur technischen Kommunikation?,Nur muendlich antworten ohne Unterlagen.,"Information aus Zeichnung, Tabelle oder Arbeitsplan entnehmen.",Nur Rechtschreibung pruefen.,Zeichnungen ignorieren.,Symbole ohne Bedeutung lernen.,1,Pruefungen verlangen sicheres Lesen technischer Dokumente.,2
q-04-10-2,m04-pruefungsaufgaben-tk,Wie gehst du bei einer Zeichnungsaufgabe in der Pruefung vor?,"Massketten, Toleranzen und Symbole systematisch auswerten.",Erste Zahl die ins Auge faellt waehlen.,Toleranzen als Dekoration ignorieren.,Nur Isometrie betrachten.,Skala ohne Pruefung annehmen.,0,Systematisches Lesen verhindert Fehlinterpretationen bei Pruefungsaufgaben.,2
q-05-01-1,m05-arbeitsplanung,Was ist Ziel der Arbeitsplanung?,"Arbeitsschritte, Mittel und Zeiten sinnvoll ordnen.",Ohne Plan sofort produzieren.,Nur Pause planen.,Material erst nach Fertigstellung beschaffen.,Sicherheit ausklammern.,0,Planung reduziert Fehler und sichert termingerechte Fertigung.,2
q-05-01-2,m05-arbeitsplanung,Welches Dokument ist Grundlage der Arbeitsplanung?,Nur Wetterbericht.,Private Einkaufsliste.,Keine Unterlagen noetig.,Nur Social-Media-Feed.,"Zeichnung, Arbeitsplan und Auftragsdaten.",4,Technische und organisatorische Vorgaben steuern die Planung.,2
q-05-02-1,m05-reihenfolge-der-arbeitsschritte,Warum ist die Reihenfolge der Arbeitsschritte wichtig?,Weil Reihenfolge beliebig ist.,Weil Qualitaet irrelevant ist.,Weil Werkzeug keine Rolle spielt.,Weil Messen immer zuerst kommt.,Weil Vor- und Nachbearbeitung aufeinander aufbauen.,4,Falsche Reihenfolge fuehrt zu Nacharbeit oder Ausschuss.,2
q-05-02-2,m05-reihenfolge-der-arbeitsschritte,Was kommt bei spanender Bearbeitung oft vor dem Finish?,Endpruefung vor dem Aufspannen.,Entgraten vor dem Bohren ohne Plan.,Verpackung vor der Fertigung.,"Rohbearbeitung, Zwischenpruefung, dann Feinbearbeitung.",Lackieren vor dem Zuschnitt.,3,Logische Abfolge sichert Masse und Oberflaechenqualitaet.,2
q-05-03-1,m05-werkzeugvorbereitung,Was gehoert zur Werkzeugvorbereitung?,Nur groesstes Werkzeug nehmen.,Werkzeug ohne Auftrag waehlen.,Schneiden ohne Spannung.,"Passende Werkzeuge waehlen, pruefen und bereitstellen.",Defekte Werkzeuge ungeprueft nutzen.,3,"Vorbereitete, gepruefte Werkzeuge sichern Prozess und Sicherheit.",2
q-05-03-2,m05-werkzeugvorbereitung,Wann tauschst du ein Verschleisswerkzeug?,Nur wenn der Azubi es moechte.,Erst nach Monaten ohne Pruefung.,Bei sichtbarem Verschleiss oder Abweichung der Oberflaeche/Masse.,Erst wenn es bricht.,Nie waehrend der Schicht.,2,Rechtzeitiger Werkzeugwechsel verhindert Ausschuss.,2
q-05-04-1,m05-materialbereitstellung,Was gehoert zur Materialbereitstellung?,Erst nach Maschinenstart holen.,Nur Reststuecke ohne Pruefung.,Richtiges Material in richtiger Menge am Arbeitsplatz.,Beliebiges Material ohne Zeichnung.,Material ohne Kennzeichnung mischen.,2,Korrektes Material verhindert Fehlteile und Verzoegerungen.,2
q-05-04-2,m05-materialbereitstellung,Warum pruefst du Material vor der Bearbeitung?,Zeichnung ersetzt Materialpruefung nicht negativ.,"Werkstoff, Abmessung und Oberflaeche muessen zur Vorgabe passen.",Material spielt keine Rolle.,Nur Farbe zaehlt.,Pruefung erst nach Verschnitt.,1,Materialfehler frueh erkennen spart Zeit und Kosten.,2
q-05-05-1,m05-zeitplanung,Was ist bei der Zeitplanung zu beruecksichtigen?,Stoerungen existieren nicht.,"Ruestzeit, Bearbeitungszeit, Pruefzeit und Puffer.",Nur Pausenzeit.,Keine Ruestzeit.,Pruefung braucht keine Zeit.,1,Realistische Zeitplanung vermeidet Terminverzug.,2
q-05-05-2,m05-zeitplanung,Wie reagierst du bei drohender Terminverletzung?,Vorgesetzten informieren und Alternativen abstimmen.,Schweigen und hoffen.,Qualitaet ohne Absprache opfern.,Sicherheit reduzieren.,Dokumentation stoppen.,0,Fruehe Kommunikation ermoeglicht Gegensteuerung.,2
q-05-06-1,m05-sicherheitscheck-vor-arbeitsbeginn,Was pruefst du vor Arbeitsbeginn an der Maschine?,"Schutzeinrichtungen, Werkzeug, Spannung und Betriebsbereitschaft.",Nur die Farbe des Gehaeuses.,Nichts bei bekannter Maschine.,Schutzeinrichtungen ueberbruecken.,Erst nach Unfall pruefen.,0,Sicherheitscheck ist Pflicht vor jedem Einsatz.,2
q-05-06-2,m05-sicherheitscheck-vor-arbeitsbeginn,Welche Frage gehoert zum Sicherheitscheck?,Ist die Maschine laut genug?,Sind Handschuhe verboten?,Ist Kuehlmittel egal?,Darf ich ohne Einweisung starten?,Sind Not-Halt und Schutztuer funktionsfaehig?,4,Funktion von Schutzeinrichtungen muss vor Start gesichert sein.,2
q-05-07-1,m05-materialfluss-planen,Was bedeutet Materialfluss planen?,Material zufaellig lagern.,Transportwege blockieren.,FIFO ignorieren.,Lager ohne Kennzeichnung.,Bewegung von Rohmaterial zu Fertigteil ohne Engpaesse.,4,Geplanter Materialfluss unterstuetzt termingerechte Produktion.,2
q-05-07-2,m05-materialfluss-planen,Warum sollte Material am Arbeitsplatz nicht uebermaessig liegen?,Weil Lagerung egal ist.,Weil Sicherheit sinkt wenn aufgeraeumt ist.,Weil FIFO verboten ist.,"Stolpergefahr, Verwechslung und Platzmangel werden vermieden.",Weil es die Maschine schneller macht.,3,Ordnung am Arbeitsplatz ist Teil sicherer Arbeitsplanung.,2
q-05-08-1,m05-auftragsunterlagen,Was enthaelt ein Auftragsschein typischerweise?,Keine Stueckzahl.,Ausschliesslich Werbesprueche.,Nur Kantinenmenue.,"Auftragsnummer, Stueckzahl, Termin und Materialangaben.",Nur Hobbys des Bearbeiters.,3,Auftragsunterlagen steuern Fertigung und Dokumentation.,2
q-05-08-2,m05-auftragsunterlagen,Warum vergleichst du Auftrag und Zeichnung?,Weil Stueckzahl egal ist.,Weil Termin keine Rolle spielt.,"Um Material, Masse und Menge abzugleichen.",Weil Zeichnungen optional sind.,Weil Auftrag immer falsch ist.,2,Abgleich verhindert Fehlproduktion.,2
q-05-09-1,m05-schnittstellen-im-team,Was ist eine Schnittstelle im Team?,Ein Werkzeugtyp.,Die Mittagspause allein.,Uebergabepunkt zwischen Abteilungen oder Schichten.,Nur die Werkstatttuer.,Ein Softwarevirus.,2,Schnittstellen muessen klar kommuniziert und dokumentiert werden.,2
q-05-09-2,m05-schnittstellen-im-team,Wie sicherst du gute Zusammenarbeit mit der Qualitaetssicherung?,Abweichungen selbst freigeben.,Pruefergebnisse und Abweichungen zeitnah uebergeben.,QS erst bei Reklamation informieren.,Messwerte verbergen.,Protokolle nicht ausfuellen.,1,Fruehe Rueckmeldung verhindert Serienfehler.,2
q-05-10-1,m05-pruefungsaufgaben-planung,Welche Planungsfrage ist pruefungstypisch?,Arbeitsschritte in sinnvoller Reihenfolge anordnen.,Nur Rechtschreibung pruefen.,Sicherheit aus Planung entfernen.,Material ohne Bezug waehlen.,Zeit immer ignorieren.,0,Pruefungen testen logische und sichere Arbeitsfolge.,2
q-05-10-2,m05-pruefungsaufgaben-planung,Was ist bei PAL-Aufgaben zur Arbeitsplanung wichtig?,Immer schnellste unsichere Variante.,Mehrere Antworten markieren.,Zeichnung nicht beachten.,Planung als optional betrachten.,Vorgaben lesen und sicherste sowie effizienteste Loesung waehlen.,4,"Pruefungsaufgaben belohnen strukturiertes, sicheres Vorgehen.",2
q-06-01-1,m06-pruefmittel-auswaehlen,Wie waehlst du ein geeignetes Pruefmittel fuer eine Lochdurchmesser-Pruefung?,Lineal ohne Skala.,Schuhgroesse.,Thermometer.,Drehmomentschluessel allein.,"Messschieber, Bore gauge oder Grenzlehrdorn gemaess Toleranz.",4,Pruefmittel muss zur Toleranz und Messgroesse passen.,2
q-06-01-2,m06-pruefmittel-auswaehlen,Wann ist eine Grenzlehre sinnvoller als ein Messschieber?,Beim Messen von Temperatur.,Beim Gewicht von Gas.,Bei Oberflaechenfarbe.,Bei Pass-/Nicht-Pass-Pruefung ohne konkreten Messwert.,"Wenn exakte Masse in 0,01 mm noetig sind.",3,Grenzlehren pruefen schnell Einhaltung von Grenzmassen.,2
q-06-02-1,m06-messschieber,Welche Groesse liest du am Messschieber auf der nonius Skala?,Druck in bar.,Temperatur in Kelvin.,Gewindesteigung in Zoll allein.,Bruchteile des Hauptskalenwerts in mm.,Drehzahl in U/min.,3,Nonius ermoeglicht Ablesen von Zehntel- und Hundertstel-Millimetern.,2
q-06-02-2,m06-messschieber,Was ist vor dem Messen mit dem Messschieber zu pruefen?,Ob er magnetisch ist.,Ob er gross genug aussieht.,"Saubere Messschenkel, Nullstellung und gueltige Kalibrierung.",Nur die Farbe.,Ob er schwimmt.,2,Funktionsfaehiges Pruefmittel ist Voraussetzung fuer brauchbare Werte.,2
q-06-03-1,m06-messwerte-ablesen,"Wie liest du 12,35 mm am Messschieber korrekt ab?","1,235 mm.","12 mm minus 0,35 mm.","Hauptskala 12 mm plus Nonius 0,35 mm.",Nur 12 mm ohne Nonius.,"123,5 mm.",2,Gesamtmass ergibt sich aus Haupt- und Noniusskala.,2
q-06-03-2,m06-messwerte-ablesen,Welcher Fehler entsteht bei schraegem Anlegen des Messschiebers?,Automatisch korrekte Anzeige.,Zu grosser Messwert durch Projektionsfehler.,Immer zu kleiner Wert.,Kein Einfluss auf Messung.,Nur Temperaturfehler.,1,Messschieber muss senkrecht zur Messlinie angelegt werden.,2
q-06-04-1,m06-toleranzen-pruefen,"Was bedeutet Nennmass 20 mm mit Toleranz +0,2/-0,1?","Nur 20,1 mm erlaubt.","Zulaessiger Bereich von 19,9 mm bis 20,2 mm.","Exakt 20,0 mm ohne Abweichung.","20,2 mm bis 21 mm.",19 mm bis 20 mm.,1,Ober- und Untergrenze ergeben den zulaessigen Toleranzbereich.,2
q-06-04-2,m06-toleranzen-pruefen,"Ein Werkstueck misst 20,25 mm bei +0,2/-0, Ist es i.O.?","Nein, der Wert liegt ueber der oberen Grenze.","Ja, weil nah am Nennmass.","Ja, Toleranz gilt nicht.",Unmessbar.,Nur bei Kunststoff relevant.,0,Messwerte muessen innerhalb der Toleranzgrenzen liegen.,2
q-06-05-1,m06-pruefprotokoll,Was gehoert in ein Pruefprotokoll?,"Messmittel, Messwert, Datum und Ergebnis i.O./n.i.O.",Nur Unterschrift ohne Werte.,Private Telefonnummer.,Keine Angabe zum Pruefmittel.,Nur Wetter.,0,Protokolle machen Pruefungen nachvollziehbar.,2
q-06-05-2,m06-pruefprotokoll,Warum dokumentierst du n.i.O.-Teile?,Weil n.i.O. geheim bleibt.,Weil Dokumentation optional ist.,Weil QS nicht informiert wird.,Weil Teile automatisch i.O. werden.,"Fuer Nacharbeit, Ausschuss oder Rueckverfolgung.",4,Dokumentation ist Grundlage fuer Qualitaetsentscheidungen.,2
q-06-06-1,m06-messfehler-vermeiden,Welcher Fehler entsteht durch zu starkes Anziehen des Messschiebers?,Wert wird immer groesser.,Kein Einfluss.,Nur optischer Fehler.,Temperatur steigt automatisch.,Messwert wird zu klein durch Verformung.,4,"Gleichmaessiger, leichter Anpressdruck vermeidet Messfehler.",2
q-06-06-2,m06-messfehler-vermeiden,Was verursacht Parallaxenfehler?,Magnetismus des Messschiebers.,Falsche Werkstoffwahl.,Fehlende Kuehlmittel.,Schraeges Ablesen der Skala aus falscher Augenhoehe.,Zu kaltes Werkstueck allein.,3,Senkrecht ueber der Skala ablesen vermeidet Parallaxenfehler.,2
q-06-07-1,m06-sichtpruefung,Was pruefst du bei einer Sichtpruefung?,Nur die Seriennummer des Messgeraets.,Elektrische Spannung.,Drehzahl der Maschine.,"Risse, Grate, Verschmutzung und Oberflaechenfehler.",Nur das Gewicht.,3,"Sichtpruefung ist einfaches, wichtiges Pruefverfahren.",2
q-06-07-2,m06-sichtpruefung,Wann reicht eine Sichtpruefung nicht aus?,Bei sauberer Oberflaeche nie.,Bei jedem Gewinde.,Wenn Mass- oder Formtoleranzen exakt nachgewiesen werden muessen.,Immer ausreichend.,Nur bei Kunststoffen.,2,Fuer genaue Masse sind messende Verfahren erforderlich.,2
q-06-08-1,m06-grenzlehren,Wofuer nutzt du einen Grenzdorn?,Drehmoment einstellen.,Oberflaeche lackieren.,Pruefung ob Bohrung mindestens Mindestmass hat.,Haerte messen.,Temperatur bestimmen.,2,Grenzdorne pruefen Passung nach Go/No-Go-Prinzip.,2
q-06-08-2,m06-grenzlehren,Was bedeutet Go bei einer Grenzlehre?,Nur Sichtpruefung noetig.,Das Werkstueck erfuellt die Mindestanforderung.,Das Teil muss Ausschuss werden.,Die Lehre ist defekt.,Messung ist unnoetig.,1,Go-Lehren duerfen passieren; No-Go-Lehren duerfen nicht passieren.,2
q-06-09-1,m06-bezugstemperatur,Warum spielt Bezugstemperatur 20 Grad C bei Praezisionsmessungen eine Rolle?,Norm gilt nur fuer Kunststoffe.,Werkstueck und Messgeraet dehnen sich temperaturabhaengig aus.,Temperatur hat keinen Einfluss.,Nur Farbe aendert sich.,Messwerte werden immer kleiner bei Waerme.,1,DIN-ISO-Normen definieren 20 C als Referenztemperatur.,2
q-06-09-2,m06-bezugstemperatur,Was tust du bei grosser Abweichung der Werkstuecktemperatur?,Temperatur ausgleichen lassen oder temperaturkompensieren.,Sofort messen ohne Bedenken.,Messgeraet erhitzen.,Toleranz willkuerlich erweitern.,Protokoll weglassen.,0,Thermische Einfluesse koennen Praezisionsmessungen verfaelschen.,2
q-06-10-1,m06-pruefungsaufgaben-messen,Welche Messaufgabe ist pruefungstypisch?,Nur Farbe benennen.,Gewinde schneiden.,Pneumatik planen.,Urlaub berechnen.,Messschieberwert ablesen und Toleranz bewerten.,4,"Pruefungen testen Lesen, Rechnen und Bewerten von Messwerten.",2
q-06-10-2,m06-pruefungsaufgaben-messen,"Ein Messschieber zeigt 25,07 mm, Toleranz 25 +0,05/-0. Ergebnis?",Unbestimmbar.,"i.O., Toleranz gilt nicht.",n.i.O. wegen zu klein.,"n.i.O., da ueber der oberen Toleranzgrenze.","i.O., weil nah dran.",3,"25,07 mm liegt ueber 25,05 mm und ist damit nicht i.O.",2
q-07-01-1,m07-manuelle-fertigung,Was gehoert zur manuellen Fertigung?,Ausschliesslich Lackieren.,Nur Transport.,Softwaretest ohne Werkstueck.,"Saegen, Feilen, Bohren und Entgraten von Hand.",Nur CNC-Programmierung.,3,Manuelle Techniken sind Basis in der Metallbearbeitung.,2
q-07-01-2,m07-manuelle-fertigung,Warum uebst du manuelle Fertigung als MAF?,Weil Zeichnungen entfallen.,Weil Messen dann ueberfluessig ist.,Grundlagen fuer Maschinenbedienung und Fehlererkennung.,Weil Maschinen verboten sind.,Nur fuer Pruefungsdeko.,2,Handwerkliche Grundlagen verbessern Verstaendnis maschineller Prozesse.,2
q-07-02-1,m07-saegen-und-feilen,Welches Werkzeug nutzt du zum Trennen eines Stahlprofils?,Messschieber allein.,Gummihammer fuer Schnitt.,Hand- oder Maschinensaege mit passendem Blatt.,Schraubendreher.,Pinsel.,2,Saegeblaetter muessen zum Werkstoff und Durchmesser passen.,2
q-07-02-2,m07-saegen-und-feilen,Was ist beim Feilen zu beachten?,Werkstueck lose halten.,"Sicherer Griff, Entgraten und gleichmaessiger Druck.",Ohne Schutzbrille arbeiten.,Feile quer zur Kraft.,Grate absichtlich stehen lassen.,1,Richtiges Feilen verbessert Oberflaeche und Massgenauigkeit.,2
q-07-03-1,m07-bohren-und-gewindeschneiden,Was brauchst du zum Gewindeschneiden innen?,Zange ohne Gewinde.,"Gewindebohrer, Schneidoel und passende Kernlochbohrung.",Nur Hammer.,Farbe.,Schleifpapier allein.,1,Kernlochdurchmesser und Schneidfluss sind entscheidend.,2
q-07-03-2,m07-bohren-und-gewindeschneiden,Was passiert bei zu kleinem Kernloch?,Gewindebohrer bricht oder Gewinde wird unvollstaendig.,Gewinde wird automatisch feiner.,Kein Einfluss.,Bohrer wird laenger.,Material wird weicher.,0,Kernloch muss gemaess Tabelle gewaehlt werden.,2
q-07-04-1,m07-entgraten,Warum entgratest du ein Werkstueck?,Grate koennen Verletzungen und Passungsprobleme verursachen.,Grate erhoehen Festigkeit.,Entgraten ist optional immer.,Nur fuer Optik ohne Funktion.,Grate verbessern Toleranz.,0,Entgraten sichert Handling und Funktion des Bauteils.,2
q-07-04-2,m07-entgraten,Welches Werkzeug eignet sich zum Entgraten?,Pinsel allein.,Kuehlmittel spritzen.,Messschieber.,Schraubstock ohne Werkzeug.,"Entgrater, Feile oder Schleifstein je nach Groesse.",4,Werkzeugwahl haengt von Gratgroesse und Werkstoff ab.,2
q-07-05-1,m07-werkstueckspannung,Warum muss ein Werkstueck sicher gespannt sein?,Spannung ist optional.,Nur fuer Optik.,Loose Spannung spart Zeit sicher.,Schraubstock nie nutzen.,Verhindert Wegschlagen und Massfehler bei Bearbeitung.,4,Sichere Spannung schuetzt Personen und Qualitaet.,2
q-07-05-2,m07-werkstueckspannung,Was schuetzt empfindliche Oberflaechen beim Spannen?,Spannung mit Hammer.,Kein Spannen noetig.,Nur Klebeband auf Maschine.,Schutzbacken oder Zwischenlagen aus Weichmaterial.,Maximaler Druck ohne Schutz.,3,Oberflaechenschutz verhindert Klemmmarken.,2
q-07-06-1,m07-spanende-fertigung-grundlagen,Was ist spanende Fertigung?,Nur Farbe aufgetragen.,Nur Biegen ohne Schnitt.,Ausschliesslich Fuegen.,Material wird durch Schneiden in Form gebracht.,Material wird geschmolzen.,3,"Drehen, Fraesen und Bohren sind spanende Verfahren.",2
q-07-06-2,m07-spanende-fertigung-grundlagen,Was entsteht bei spanender Bearbeitung zwingend?,Nur Gas.,Ausschliesslich Oel ohne Span.,Span und Waerme an der Schnittstelle.,Nur Farbe.,Keine Waerme.,2,Spanabfall und Waerme muessen kontrolliert werden.,2
q-07-07-1,m07-arbeitsergebnis-pruefen,Wie pruefst du ein manuell bearbeitetes Werkstueck?,Gar nicht pruefen.,Nur Hoergen.,"Masse, Form und Oberflaeche mit passendem Pruefmittel.",Nur wiegen.,Nur ansehen ohne Mass.,2,Ergebnispruefung sichert Einhaltung der Zeichnung.,2
q-07-07-2,m07-arbeitsergebnis-pruefen,Was tust du bei Abweichung vom Sollmass?,Zeichnung aendern ohne Freigabe.,"Ursache klaeren, nacharbeiten oder melden.",Teil ohne Meldung weitergeben.,Toleranz selbst erweitern.,Mass verbergen.,1,Abweichungen muessen fachlich bewertet und dokumentiert werden.,2
q-07-08-1,m07-werkzeugschaeden,Worauf deutet ein ausgebreakter Schneidkanten?,Nur Kuehlmittel wechseln reicht immer.,Werkzeug muss gewechselt oder nachgeschliffen werden.,Werkzeug ist schneller.,Kein Handlungsbedarf.,Maschine abschalten nie.,1,Schaedliche Werkzeuge verursachen Ausschuss und Gefahr.,2
q-07-08-2,m07-werkzeugschaeden,Was verursacht uebermaessiger Verschleiss am Saegeblatt?,Falsche Schnittgeschwindigkeit oder stumpfes Blatt.,Zu langsame Schutzbrille.,Richtige Kuehlung allein.,Saubere Spannung.,Neues Blatt ohne Nutzung.,0,Parameter und Wartung beeinflussen Werkzeugstandzeit.,2
q-07-09-1,m07-metallbearbeitung-hand,Welche Handhabung ist bei manueller Metallbearbeitung wichtig?,"Sichere Spannung, PSA und kontrollierte Kraft.",Ohne Schutz arbeiten.,Werkzeug lose halten.,Grate ignorieren.,Schnell ohne Plan.,0,Handbearbeitung birgt Schnitt- und Quetschgefahren.,2
q-07-09-2,m07-metallbearbeitung-hand,Warum nutzt man Schraubstock und Amboss?,Nur als Dekoration.,Zum Messen von Temperatur.,Als Ersatz fuer Zeichnung.,Zum Lagern von Essen.,Werkstueck sicher fixieren und formen.,4,Haltevorrichtungen sind Grundausstattung der manuellen Bearbeitung.,2
q-07-10-1,m07-pruefungsaufgaben-fertigung-i,Pruefungsaufgabe: Welcher Schritt folgt nach dem Bohren oft?,Verpackung vor dem Aufspannen.,Schmelzen des Werkstuecks.,Maschine ohne Pruefung ueberlasten.,"Senken, Gewinde schneiden oder Entgraten.",Lackieren vor dem Bohren.,3,Bearbeitungsfolge ist klassisches Pruefungsthema.,2
q-07-10-2,m07-pruefungsaufgaben-fertigung-i,Was ist bei einer Pruefungsaufgabe zur manuellen Fertigung zu beachten?,Toleranz egal.,Nur eine Antwort markieren ist falsch bei PAL - genau eine richtig.,Sichere Reihenfolge und passendes Werkzeug waehlen.,Immer groesstes Werkzeug.,Sicherheit ignorieren.,2,"Pruefungen kombinieren Fachwissen, Sicherheit und Verfahrenswahl.",2
q-08-01-1,m08-druckluft-grundlagen,Was ist Druckluft in der Pneumatik?,Vakuum als einziger Antrieb.,Schwerkraft allein.,Komprimierte Luft als Antriebsmedium.,Fluessiges Oel im Kreislauf.,Elektrischer Gleichstrom.,2,Pneumatik nutzt Druckluft fuer Bewegung und Steuerung.,2
q-08-01-2,m08-druckluft-grundlagen,Welche Einheit hat der Druck in der Pneumatik oft?,U/min.,bar oder Megapascal (MPa).,Liter pro Minute allein.,Grad Celsius als Druckeinheit.,Newtonmeter als Druck.,1,"Betriebsdruck wird in bar angegeben, z. B. 6 bar.",2
q-08-02-1,m08-zylinder-und-ventile,Was bewirkt ein pneumatischer Zylinder?,Er ersetzt elektrische Sicherung.,Er wandelt Druckluft in geradlinige Bewegung um.,Er erzeugt nur Drehbewegung.,Er kuehlt Werkstuecke.,Er misst Masse.,1,Zylinder sind typische Aktoren in Pneumatikanlagen.,2
q-08-02-2,m08-zylinder-und-ventile,Welche Funktion hat ein 5/2-Wege-Ventil?,Steuert den Luftstrom fuer Zylinder ein- und ausfahren.,Misst Temperatur.,Filtert Oel aus Wasser.,Erzeugt Vakuum allein.,Schneidet Metall.,0,Wegeventile schalten Anschluesse und Bewegungsrichtung.,2
q-08-03-1,m08-wartungseinheit,Was macht eine Wartungseinheit (FRL)?,"Filtert, reguliert Druck und schmiert bei Bedarf.",Erzeugt Druckluft aus Wasser.,Misst Toleranzen.,Schweisst Bleche.,Ersetzt Not-Halt.,0,FRL schuetzt pneumatische Komponenten und stabilisiert Druck.,2
q-08-03-2,m08-wartungseinheit,Warum entwaessert man den Druckluftbehaelter?,Weil Wasser Druck erhoeht.,Weil Entwaesserung optional ist.,Weil Oel verboten ist.,Weil Maschine dann schneller fraest.,Kondenswasser schadet Ventile und Zylinder.,4,Feuchtigkeit verursacht Korrosion und Funktionsstoerungen.,2
q-08-04-1,m08-pneumatikschaltplan,Was zeigt ein pneumatischer Schaltplan?,Nur elektrische Klemmplanung.,Nur Gehaltslisten.,Nur CNC-Programm.,Nur Kantinenplan.,"Komponenten, Anschluesse und Luftwege.",4,Schaltplaene ermoeglichen Aufbau und Fehlersuche.,2
q-08-04-2,m08-pneumatikschaltplan,Wie liest du Symbole im Pneumatikplan?,Nur Farben zaehlen.,Plaene ohne Legende lesen.,Pneumatik hat keine Symbole.,"Nach ISO/DIN-Symbolen fuer Ventile, Zylinder und Leitungen.",Symbole sind frei erfunden ohne Bedeutung.,3,Normsymbole sind Grundlage der technischen Kommunikation.,2
q-08-05-1,m08-druck-und-sicherheit,Welcher Druck ist in vielen Betrieben typisch?,"0,6 bar ohne Regelung.",Druck spielt keine Rolle.,Nur Vakuum.,"Ca. 6 bar im Netz, ggf. reduziert an der Wartungseinheit.",600 bar Standard.,3,Zu hoher Druck gefaehrdet Komponenten; Regelung ist noetig.,2
q-08-05-2,m08-druck-und-sicherheit,Was ist vor Wartung an Druckluftanlagen Pflicht?,Not-Halt ueberbruecken.,Ohne Freigabe arbeiten.,Anlage entlueften und spannungsfrei schalten.,Unter Druck ausbauen.,Leitungen oeffnen ohne Schutz.,2,Restdruck und unbeabsichtigtes Einschalten sind Gefahren.,2
q-08-06-1,m08-pneumatik-wartung,Was gehoert zur Pneumatik-Wartung?,Leitungen undicht lassen.,Oel in Zylinder fuellen ohne Vorgabe.,"Filter pruefen, Dichtungen kontrollieren, Entwaesserung.",Nur Lackieren.,Ventile ohne Pruefung tauschen.,2,Regelmaessige Wartung sichert Betriebsbereitschaft.,2
q-08-06-2,m08-pneumatik-wartung,Worauf deutet ein Leck in der Druckluftleitung?,Nur bessere Kuehlung.,"Druckverlust, Zischgeraeusch und schwaecherer Zylinder.",Hoeherer Druck automatisch.,Bessere Funktion.,Kein Einfluss.,1,Lecks verschwenden Energie und stoeren Prozesse.,2
q-08-07-1,m08-funktionskontrolle,Wie pruefst du die Funktion eines Zylinders?,Nur elektrisch messen.,Ein- und Ausfahren unter Beobachtung von Geschwindigkeit und Endlagen.,Nur optisch ohne Bewegung.,Mit Hammer schlagen.,Ohne Druck testen.,1,Funktionskontrolle erkennt Undichtigkeiten und Blockaden.,2
q-08-07-2,m08-funktionskontrolle,Was bedeutet langsames Ausfahren des Zylinders?,"Moegliche Drosselung, Leck oder zu niedriger Druck.",Immer Normalzustand.,Zeichen fuer zu hohen Druck.,Grund zum Sofort-Ausschalten des Netzes.,Nur Softwarefehler ohne Pneumatik.,0,Abweichende Geschwindigkeit ist Stoerungsindikator.,2
q-08-08-1,m08-stoerungen-pneumatik,Zylinder faehrt nicht aus. Erste Pruefung?,Druck vorhanden? Ventil geschaltet? Endlage frei?,Sofort Zylinder ersetzen.,Maschine ueberlasten.,Schaltplan ignorieren.,Not-Halt dauerhaft ueberbruecken.,0,Systematische Fehlersuche beginnt bei Energie und Steuerung.,2
q-08-08-2,m08-stoerungen-pneumatik,Ventil schaltet nicht. Moegliche Ursache?,Zu viel Kuehlmittel am Fraeser.,Falsche Werkstoffwahl.,Messschieber defekt.,Berichtsheft nicht gefuehrt.,"Spule defekt, Steuerluft fehlt oder Verschmutzung.",4,Elektrische und pneumatische Signale muessen geprueft werden.,2
q-08-09-1,m08-bze-pneumatik,Was lernst du in der BZE Pneumatik?,Nur Buchhaltung.,Nur Holzbearbeitung.,Nur Gaertnerei.,Keine praktischen Uebungen.,"Grundschaltungen, Symbole und sichere Inbetriebnahme.",4,BZE vertieft Grundlagen aus Betrieb und Berufsschule.,2
q-08-09-2,m08-bze-pneumatik,Warum ist Pneumatik im MAF-Alltag relevant?,Keine Anlage nutzt Druckluft.,Nur fuer Autoreifen.,Ersetzt komplette Ausbildung.,"Viele Anlagen nutzen Druckluft fuer Spannung, Transport und Steuerung.",Pneumatik nur in Bueros.,3,MAF bedienen und warten Anlagen mit pneumatischen Antrieben.,2
q-08-10-1,m08-pruefungsaufgaben-pneumatik,Pruefungsfrage: 5/2-Wege-Ventil - wofuer?,Schweissen von Alu.,Dokumentation von Urlaub.,Steuerung doppelt wirkender Zylinder.,Temperaturmessung.,Gewindeschneiden.,2,Wegeventile sind Standardthema in Pneumatikpruefungen.,2
q-08-10-2,m08-pruefungsaufgaben-pneumatik,Was ist bei PAL-Fragen zur Pneumatik wichtig?,Alle Antworten waehlen.,"Symbole, Druckweg und sichere Wartung zuordnen.",Nur Farbe der Schlaeuche.,Druck immer ignorieren.,Not-Halt ueberbruecken.,1,Fachlich korrekte Zuordnung von Komponenten und Sicherheit zaehlt.,2
q-09-01-1,m09-drehmaschine,Was ist die Hauptbewegung beim Laengsdrehen?,Keine Bewegung noetig.,Rotationsbewegung des Werkstuecks.,Nur lineare Werkzeugbewegung.,Schlagbewegung des Amboss.,Rein manuelles Feilen.,1,"Beim Drehen rotiert das Werkstueck, das Werkzeug federt.",2
q-09-01-2,m09-drehmaschine,Wofuer nutzt du eine Drehmaschine?,Runde Bauteile durch spanende Bearbeitung herstellen.,Nur Bleche biegen.,Nur Kunststoff spritzen.,Nur Schrauben einkaufen.,Nur messen.,0,Drehmaschinen bearbeiten rotationssymmetrische Teile.,2
q-09-02-1,m09-fraesmaschine,Was ist typisch fuer das Fraesen?,Rotierendes Werkzeug bearbeitet meist ruhendes Werkstueck.,Werkstueck rotiert immer.,Kein Span entsteht.,Nur Handsaege.,Nur fuer Kunststoff verboten.,0,Fraeser erzeugen ebene oder konturierte Flaechen.,2
q-09-02-2,m09-fraesmaschine,Welche Fraeserart eignet sich fuer Taschen?,Gewindebohrer.,Reibahle.,Messschieber.,Schraubendreher.,Schaftfraeser.,4,Schaftfraeser werden fuer Konturen und Taschen eingesetzt.,2
q-09-03-1,m09-schneidstoffe,Welcher Schneidstoff ist fuer Stahl haeufig?,Holzscheiben.,Gummi.,Pappe.,Wasser allein.,HSS oder Hartmetall.,4,HSS und HM sind Standard bei spanender Metallbearbeitung.,2
q-09-03-2,m09-schneidstoffe,Warum Hartmetall bei hoher Schnittgeschwindigkeit?,Weil es nicht schneidet.,Weil es rostet schneller.,Weil es billiger als Holz ist.,Hohe Waermehaerte und Verschleissfestigkeit.,Weil es weicher ist.,3,Hartmetall traegt hohe Temperaturen an der Schnittstelle.,2
q-09-04-1,m09-vorschub-und-drehzahl,Was beschreibt die Drehzahl n?,Druck der Pneumatik.,Temperatur in K.,Gewicht in N.,Umdrehungen des Werkstuecks oder Werkzeugs pro Minute.,Vorschub in bar.,3,n und Vorschub f bestimmen die Schnittgeschwindigkeit.,2
q-09-04-2,m09-vorschub-und-drehzahl,Was passiert bei zu hoher Drehzahl?,Werkzeug wird weicher.,Maschine wird langsamer.,"Uebermaessige Waerme, Verschleiss oder Werkzeugbruch.",Immer bessere Oberflaeche.,Kein Einfluss.,2,Parameter muessen zu Werkstoff und Werkzeug passen.,2
q-09-05-1,m09-kuehlmittel-spanend,Wozu dient Kuehlschmierstoff beim Fraesen?,Toleranz automatisch einhalten.,Werkzeug ersetzen.,"Kuehlen, schmieren und Span foerdern.",Nur Farbe geben.,Elektrisch isolieren.,2,KSS verbessert Oberflaeche und Standzeit.,2
q-09-05-2,m09-kuehlmittel-spanend,Was ist vor Wechsel des Kuehlmittels zu beachten?,Ohne Dokumentation wechseln.,Vertraeglichkeit laut Maschinenhersteller und Entsorgung.,Beliebig mischen.,Im Abfluss entsorgen.,Mit Essen vermischen.,1,Falscher KSS kann Maschine und Werkstueck schaedigen.,2
q-09-06-1,m09-werkzeugauswahl-spanend,Wie waehlst du einen Fraeser?,Verschlissenes Werkzeug bevorzugen.,"Nach Werkstoff, Aufgabe, Maschine und Oberflaechenanforderung.",Immer groesster Durchmesser.,Nur nach Farbe.,Ohne Zeichnung.,1,Werkzeugwahl folgt aus technischer Vorgabe.,2
q-09-06-2,m09-werkzeugauswahl-spanend,Welches Werkzeug fuer eine Innengewindebohrung?,Gewindebohrer passender Groesse.,Kugelfraeser.,Aussenreibahle.,Stechdrehmeissel allein.,Schleifscheibe fuer Gewinde.,0,Innengewinde werden mit Gewindebohrern geschnitten.,2
q-09-07-1,m09-prozessparameter,Was ist die Schnitttiefe ap?,Mass der Zustellung senkrecht zur Schnittebene.,Vorschub in mm/U allein.,Drehzahl in bar.,Druck der Zufuehrung.,Temperatur der Halle.,0,"ap, f und vc beeinflussen Prozess und Qualitaet.",2
q-09-07-2,m09-prozessparameter,Warum Prozessparameter dokumentieren?,Nur Dekoration.,Parameter sind egal.,QS nicht informieren.,Maschine lernt selbst.,Reproduzierbarkeit und Fehleranalyse.,4,Dokumentation sichert gleichbleibende Qualitaet.,2
q-09-08-1,m09-spanabfall,Wie entsorgst du Metallspaene?,Mit Oel in Papierkorb.,Auf dem Boden verteilen.,In Kuehlmittel mischen.,In Werkstatt verbrennen.,Getrennt sammeln und recyclinggerecht abgeben.,4,Saubere Trennung ermoeglicht Recycling.,2
q-09-08-2,m09-spanabfall,Warum Spanfoerderung an Maschinen?,Span absichtlich stauen.,Kuehlmittel blockieren.,Werkzeug kuehlen verhindern.,Arbeitsplatz sauber halten und Stoerungen vermeiden.,Nur Laerm erzeugen.,3,Spanfoerderer verbessern Sicherheit und Verfuegbarkeit.,2
q-09-09-1,m09-bze-drehen-fraesen,Was uebst du in der BZE fuer spanende Verfahren?,Nur Kantinenkunde.,Nur Buchhaltung.,Kein Messen.,"Einrichten, Bedienen und Pruefen an Lehrmaschinen.",Nur Theorie ohne Maschine.,3,BZE verbindet Theorie mit praktischer Maschinenarbeit.,2
q-09-09-2,m09-bze-drehen-fraesen,Warum sind BZE-Kurse fuer MAF wichtig?,Nur fuer Meister.,Ohne Bezug zum Beruf.,Vertiefung sicherer maschineller Fertigung ausserhalb des Betriebs.,Nur Freizeitangebot.,Ersetzt Betriebsausbildung vollstaendig.,2,UeLU ergaenzt betriebliche Ausbildung strukturiert.,2
q-09-10-1,m09-pruefungsaufgaben-spanend,Pruefung: n und f - was wird geprueft?,Zeichnung ignorieren.,"Zusammenhang zu Werkstoff, Werkzeug und Maschine.",Nur Farbe des Kuehlmittels.,Nur Schuhgroesse.,Parameter immer gleich.,1,Parameteraufgaben testen Fachverstaendnis.,2
q-09-10-2,m09-pruefungsaufgaben-spanend,Typische PAL-Frage Drehen/Fraesen?,Richtige Werkzeug- oder Parameterwahl begruenden.,Immer groesstes Werkzeug.,Sicherheit ignorieren.,Mehrere Antworten markieren.,Ohne Lesen raten.,0,Pruefungen verlangen sichere fachliche Entscheidung.,2
q-10-01-1,m10-metallgrundlagen,Was unterscheidet Stahl von Gusseisen?,Stahl ist immer Kunststoff.,Kein Unterschied.,Gusseisen ist immer weich.,Stahl schmilzt bei Raumtemperatur.,"Hoeherer Kohlenstoffgehalt beim Gusseisen, sproederes Verhalten.",4,Werkstoffkenntnis steuert Bearbeitung und Anwendung.,2
q-10-01-2,m10-metallgrundlagen,Warum Waermebehandlung von Stahl?,Gewicht halbieren.,Magnetismus immer entfernen.,Toleranz ersetzen.,Eigenschaften wie Haerte und Zaehigkeit einstellen.,Nur Farbe aendern.,3,Waermebehandlung passt Werkstoff an den Einsatz an.,2
q-10-02-1,m10-metallbearbeitung-planen,Was planst du vor Metallbearbeitung?,Ohne Zeichnung.,Keine Pruefpunkte.,Sicherheit spaeter.,"Werkstoff, Verfahren, Werkzeug, Maschine und Pruefung.",Nur Pause.,3,Planung verhindert Fehler und Ausschuss.,2
q-10-02-2,m10-metallbearbeitung-planen,Welches Verfahren fuer enge Toleranz an Bohrung?,Lackieren.,Schweissen der Bohrung.,Reiben oder Feinbohren nach Vorbohren.,Nur Grobsaegen.,Nur Feilen ohne Mass.,2,Bearbeitungsfolge richtet sich nach Qualitaetsanforderung.,2
q-10-03-1,m10-oberflaechenqualitaet,Was bedeutet Ra an der Oberflaeche?,Druck in bar.,Gewicht in kg.,Arithmetischer Mittelwert der Rauheit.,Haerte in HRC.,Drehzahl.,2,Oberflaechenparameter sind in Zeichnungen angegeben.,2
q-10-03-2,m10-oberflaechenqualitaet,Wie erreichst du feinere Oberflaeche beim Drehen?,Maschine ohne Spannung.,"Kleinere Zustellung, passende Drehzahl und scharfes Werkzeug.",Hoechste Zustellung.,Stumpfes Werkzeug.,Ohne Kuehlmittel bei Stahl.,1,Schnittparameter und Werkzeugzustand beeinflussen Oberflaeche.,2
q-10-04-1,m10-arbeitsfolge-metall,Typische Folge fuer Bohrung mit Gewinde?,Entgraten vor Bohren verboten.,"Zentrieren, bohren, senken, gewindeschneiden, entgraten.",Gewinde vor Bohrung.,Nur senken.,Ohne Zentrierung immer.,1,Logische Abfolge sichert Mass und Funktion.,2
q-10-04-2,m10-arbeitsfolge-metall,Was kommt nach dem Fraesen oft?,"Entgraten, messen, dokumentieren.",Verpacken vor Pruefung.,Lackieren vor Masspruefung.,Zeichnung wegwerfen.,Maschine ohne Reinigung weiter.,0,Nachbearbeitung und Pruefung sichern Qualitaet.,2
q-10-05-1,m10-werkzeugwahl-metall,Welches Werkzeug fuer Grobbearbeitung Stahl?,Hartmetallfraeser mit passender Geometrie.,Holzfeile.,Pinsel.,Gummihammer.,Messschieber.,0,Grobbearbeitung erfordert robuste Schneidstoffe.,2
q-10-05-2,m10-werkzeugwahl-metall,Warum Schneidstoffwechsel bei unterschiedlichen Werkstoffen?,Alle Werkstoffe gleich.,Nur Farbe zaehlt.,HSS fuer alles immer.,Werkzeug spielt keine Rolle.,Verschiedene Werkstoffe erfordern unterschiedliche Schneidgeometrie und Geschwindigkeit.,4,Falsches Werkzeug fuehrt zu Verschleiss und Ausschuss.,2
q-10-06-1,m10-pruefen-nach-bearbeitung,Was pruefst du nach Metallbearbeitung?,Nur Gewicht.,Nur Farbe.,Gar nichts.,Nur Geruch.,"Masse, Form und Oberflaeche gemaess Zeichnung.",4,Ergebnispruefung ist Pflicht vor Freigabe.,2
q-10-06-2,m10-pruefen-nach-bearbeitung,"Teil ist 0,05 mm zu gross. Vorgehen?",Ohne Dokumentation weitergeben.,Zeichnung aendern.,Teil verstecken.,"Ursache klaeren, Nacharbeit oder Meldung an QS.",Toleranz selbst erweitern.,3,Abweichungen muessen bewertet und dokumentiert werden.,2
q-10-07-1,m10-grundbildung-metall-bze,Was lernst du in Grundbildung Metall BZE?,Nur Sprachkurs.,Kein Messen.,Keine Maschinen.,"Manuelle und maschinelle Techniken, Werkstoffe, Sicherheit.",Nur Theorie ohne Werkstueck.,3,BZE Metall vertieft praktische Fertigkeiten.,2
q-10-07-2,m10-grundbildung-metall-bze,Warum manuelle Uebungen vor Maschine?,Weil Zeichnungen entfallen.,Weil SHU egal ist.,"Grundgefuehl fuer Material, Werkzeug und Mass.",Weil Maschinen verboten sind.,Nur Zeit fuellen.,2,Handwerkliche Basis verbessert Maschinenbedienung.,2
q-10-08-1,m10-qualitaet-manuell,Worauf achtest du bei manueller Metallbearbeitung?,Ohne Schutz.,Ohne Plan.,"Massgenauigkeit, Gratfreiheit, sichere Spannung.",Nur Geschwindigkeit.,Grate stehen lassen.,2,Qualitaet beginnt bei sicherer manueller Arbeit.,2
q-10-08-2,m10-qualitaet-manuell,Wie erkennst du schlechte Passung?,Ohne Lehre nie erkennbar.,"Bauteil passt nicht, Spiel zu gross oder zu klein.",Nur nach Farbe.,Passung ist egal.,Nur nach Gewicht.,1,Passungen werden mit Lehren oder Messung geprueft.,2
q-10-09-1,m10-sicherheit-metall,Welche Gefahr beim spanenden Bearbeiten?,Nur bei Kunststoff.,"Schnittverletzung, Spanflug, Quetschen.",Nur Sonnenbrand.,Keine Gefahr bei Metall.,Nur Laerm ohne Schutz.,1,PSA und Schutzeinrichtungen sind Pflicht.,2
q-10-09-2,m10-sicherheit-metall,Was ist vor Maschinenstart Pflicht?,Schutzeinrichtungen pruefen und Einweisung beachten.,Sofort Vollast.,Schutztuer offen lassen.,Not-Halt ueberbruecken.,Werkzeug ohne Pruefung.,0,Sicherheit hat Vorrang vor Produktion.,2
q-10-10-1,m10-pruefungsaufgaben-metall,Pruefungsfrage Metall: Werkstoff zuordnen?,Nur nach Farbe.,Alle Metalle gleich.,Zeichnung ignorieren.,Immer Stahl waehlen.,Eigenschaften und Anwendung verknuepfen.,4,Werkstofffragen testen Fachwissen und Anwendung.,2
q-10-10-2,m10-pruefungsaufgaben-metall,PAL-Metallaufgabe: sicherste Variante?,Schutz ignorieren.,Mehrere Antworten.,Toleranz egal.,"Unterlagen lesen, PSA, geprueftes Werkzeug, dokumentieren.",Schnell ohne Plan.,3,Pruefungen belohnen sicheres fachliches Vorgehen.,2
q-11-01-1,m11-materialfluss,Was ist Materialfluss in der Produktion?,Nur Buchhaltung.,Nur Marketing.,Keine Bewegung noetig.,Bewegung von Material vom Eingang bis zum Fertigteil.,Nur Urlaubsplanung.,3,"Materialfluss verbindet Lager, Fertigung und Versand.",2
q-11-01-2,m11-materialfluss,Warum ist Materialfluss fuer MAF relevant?,Produktion unabhaengig vom Material.,Fluss ist nur Theorie.,Rechtzeitige Bereitstellung sichert Produktion ohne Stillstand.,Nur fuer Lagerleiter.,Material kommt von selbst.,2,MAF brauchen Material und Werkzeuge am Arbeitsplatz.,2
q-11-02-1,m11-transport-und-lager,Was gehoert zum sicheren Transport schwerer Teile?,Ohne Pruefung heben.,Schnelles Rennen mit Last.,"Hebezeug, Anschnuerung und freie Wege.",Tragen ohne Hilfsmittel allein.,Fluchtwege blockieren.,2,Transportregeln verhindern Quetsch- und Sturzunfaelle.,2
q-11-02-2,m11-transport-und-lager,Wie lagert man Metallprofile sicher?,Nur auf einer Ecke balancieren.,"Formstabile Lagerung, Kennzeichnung, keine Ueberladung.",Stapel beliebig hoch ohne Sicherung.,Auf Gangwegen lagern.,Ohne Kennzeichnung mischen.,1,Ordnung und Kennzeichnung verhindern Verwechslung und Unfaelle.,2
q-11-03-1,m11-bereitstellung,Was bedeutet Bereitstellung am Arbeitsplatz?,Ohne Plan arbeiten.,"Material, Werkzeug und Unterlagen rechtzeitig verfuegbar.",Nur Maschine starten.,Material irgendwo suchen.,Zeichnung spaeter holen.,1,Bereitstellung ist Teil der Arbeitsplanung.,2
q-11-03-2,m11-bereitstellung,Was passiert ohne rechtzeitige Bereitstellung?,"Stillstand, Fehlplanung und Terminverzug.",Produktion wird automatisch schneller.,Qualitaet steigt.,Kein Einfluss.,Maschine braucht kein Material.,0,Fehlendes Material stoppt Fertigung.,2
q-11-04-1,m11-fifo-prinzip,Was bedeutet FIFO?,First In - First Out: aelteres Material zuerst verbrauchen.,Last In - First Out immer.,Nur fuer Essen.,Material beliebig mischen.,Keine Regel noetig.,0,FIFO verhindert Veraltung und Materialfehler.,2
q-11-04-2,m11-fifo-prinzip,Warum FIFO bei Kunststoffgranulat?,FIFO ist nur fuer Metalle.,Reihenfolge egal.,Granulat verdirbt nie.,Nur Buchhaltungsthema.,Vermeidet Feuchte- und Qualitaetsprobleme bei Lagerung.,4,Lagerdauer und Feuchte koennen Verarbeitung beeinflussen.,2
q-11-05-1,m11-stoerungen-materialfluss,Typische Stoerung im Materialfluss?,Zu saubere Halle.,Zu gute Kennzeichnung.,Zu viel Licht.,Zu gute Planung.,"Fehlteile, falsches Material oder blockierte Wege.",4,Stoerungen muessen erkannt und gemeldet werden.,2
q-11-05-2,m11-stoerungen-materialfluss,Wie reagierst du auf fehlendes Material?,Schweigen und warten.,Maschine ohne Material belasten.,Auftrag ignorieren.,"Melden, alternative Planung abstimmen, nicht improvisieren ohne Freigabe.",Falsches Material heimlich nutzen.,3,Kommunikation verhindert Fehlproduktion.,2
q-11-06-1,m11-schnittstellen-produktion,Was ist eine Schnittstelle zur Produktion?,Nur Pause.,Nur Softwarespiel.,Keine Uebergabe noetig.,"Uebergabe zwischen Lager, Fertigung und Versand.",Nur Fenster.,3,Klare Schnittstellen sichern Informationsfluss.,2
q-11-06-2,m11-schnittstellen-produktion,Was gehoert in Uebergabe an naechste Schicht?,Private Termine.,Nur Wetter.,"Materialstand, offene Auftraege, Stoerungen.",Nur Witze.,Nichts.,2,Vollstaendige Uebergabe verhindert Fehler.,2
q-11-07-1,m11-anlagenumfeld,Was gehoert zum Anlagenumfeld?,PSA verbieten.,Unordnung akzeptieren.,"Ordnung, freie Wege, Kennzeichnung, Sicherheitsausstattung.",Material auf Fluchtweg.,Lecks ignorieren.,2,Sauberes Umfeld unterstuetzt sichere Produktion.,2
q-11-07-2,m11-anlagenumfeld,Warum freie Fluchtwege im Produktionsbereich?,Wege duerfen blockiert sein.,Schnelle Evakuuation bei Notfall.,Nur Dekoration.,Fluchtwege als Lager.,Notfall egal.,1,Flucht- und Rettungswege sind gesetzlich vorgeschrieben.,2
q-11-08-1,m11-kommissionierung,Was ist Kommissionierung?,Nur Feilen.,Zusammenstellen benoetigter Materialien fuer einen Auftrag.,Nur Maschine einstellen.,Nur Urlaub planen.,Nur Schweissen.,1,Kommissionierung bereitet Fertigung vor.,2
q-11-08-2,m11-kommissionierung,Was pruefst du bei Kommissionierung?,"Artikel, Menge und Kennzeichnung zum Auftrag.",Nur Farbe.,Nur Gewicht schaetzen.,Nichts.,Nur schnell sein.,0,Falsche Kommissionierung fuehrt zu Fehlteilen.,2
q-11-09-1,m11-logistik-im-betrieb,Was gehoert zur Logistik im Betrieb?,"Transport, Lagerung, Bereitstellung, Rueckmeldung.",Nur Design.,Nur Marketing.,Nur IT ohne Material.,Nur Kantine.,0,Logistik verbindet Einkauf und Produktion.,2
q-11-09-2,m11-logistik-im-betrieb,Warum Rueckmeldung nach Entnahme aus Lager?,Rueckmeldung optional.,Bestand egal.,Nur einmal im Jahr zaehlen.,Lager ohne System.,Bestand aktuell halten und Nachbestellung ausloesen.,4,Aktuelle Bestandsdaten verhindern Fehlteile.,2
q-11-10-1,m11-pruefungsaufgaben-materialfluss,Pruefungsfrage Materialfluss?,FIFO ignorieren.,Sicherheit ausklammern.,Transport ohne Regeln.,"Sinnvolle Reihenfolge von Bereitstellung, Fertigung, Pruefung.",Material egal.,3,Pruefungen testen logistisches Verstaendnis.,2
q-11-10-2,m11-pruefungsaufgaben-materialfluss,PAL-Logistik: sicherste Massnahme bei blockiertem Weg?,Schweigen.,Schnell rennen mit Last.,"Weg raeumen, melden, Transport verschieben bis frei.",Ueber Hindernis heben ohne Plan.,Fluchtweg dauerhaft blockieren.,2,Sichere Transportwege haben Prioritaet.,2
q-12-01-1,m12-zwischenpruefung-theorie,Wann findet die Zwischenpruefung beim MAF statt?,Nur nach Abschluss.,Nie in Metall/Kunststoff.,Zu Beginn des zweiten Ausbildungsjahres nach den ersten 12 Monaten.,Am ersten Tag.,Nach 6 Monaten ohne Inhalt.,2,Die ZP bezieht sich auf den Lernstoff des ersten Ausbildungsjahres.,2
q-12-01-2,m12-zwischenpruefung-theorie,Welche Pruefungsformen kann die ZP haben?,Keine Pruefung.,Schriftlich und praktisch gemaess Ausbildungsordnung.,Nur muendlich ohne Praxis.,Nur Berichtsheft.,Nur Sport.,1,ZP prueft Theorie und praktische Fertigkeiten.,2
q-12-02-1,m12-positionieren-und-vorbereiten,Was bedeutet Positionieren in der praktischen ZP?,Nur messen ohne Aufspannen.,Werkstueck richtig ausrichten und sicher einspannen.,Maschine ohne Plan starten.,Zeichnung ignorieren.,Ohne Spannung arbeiten.,1,Positionieren ist Grundlage korrekter Bearbeitung.,2
q-12-02-2,m12-positionieren-und-vorbereiten,Was gehoert zur Vorbereitung vor Bearbeitung?,"Unterlagen lesen, Material pruefen, Werkzeug bereitstellen.",Sofort spanen.,Sicherheit spaeter.,Kein Werkzeug noetig.,Auftrag nicht lesen.,0,Vorbereitung reduziert Fehler in der Pruefung.,2
q-12-03-1,m12-einstellen-und-pruefen,Was pruefst du nach dem Einstellen der Maschine?,"Probelauf, Masse und Oberflaeche am ersten Teil.",Serie ohne Pruefung.,Nur Geschwindigkeit erhoehen.,Protokoll weglassen.,Erstes Teil entsorgen ohne Messung.,0,Erstteilpruefung sichert Prozess vor Serienfertigung.,2
q-12-03-2,m12-einstellen-und-pruefen,Erstes Teil ist n.i.O. Was tun?,Serie weiterfahren.,Toleranz selbst erweitern.,Pruefer nicht informieren.,Maschine unveraendert lassen.,"Parameter oder Aufspannung korrigieren, erneut pruefen.",4,Korrektur vor Freigabe ist Pflicht.,2
q-12-04-1,m12-technische-unterlagen-zp,Welche Unterlagen brauchst du in der praktischen ZP?,Nur Handy.,Keine Unterlagen.,Nur Berichtsheft.,Nur Wetter-App.,"Zeichnung, Arbeitsplan, Pruefvorgaben.",4,Technische Unterlagen steuern Bearbeitung und Pruefung.,2
q-12-04-2,m12-technische-unterlagen-zp,Was ist bei Massangaben in der ZP wichtig?,Nur schaetzen.,Defektes Messgeraet nutzen.,Nur Sichtpruefung immer.,Toleranzen genau lesen und mit passendem Mittel pruefen.,Toleranz ignorieren.,3,Massgenauigkeit ist zentraler Pruefungsbestandteil.,2
q-12-05-1,m12-sicherheit-zp,Welche Sicherheitsregeln gelten in der praktischen ZP?,Not-Halt ueberbruecken.,Maschine ohne Einweisung.,Schutztuer offen.,"PSA, Schutzeinrichtungen, Betriebsanweisungen einhalten.",Schutz optional.,3,Sicherheitsverstoesse koennen zum Abbruch fuehren.,2
q-12-05-2,m12-sicherheit-zp,Darfst du in der ZP allein an unbekannter Maschine arbeiten?,Maschinenbuch ignorieren.,Sicherheit nur in Betrieb.,Nur nach Einweisung und Freigabe.,Immer ohne Einweisung.,Wenn Pruefer nicht schaut.,2,Einweisung ist Voraussetzung fuer sicheres Arbeiten.,2
q-12-06-1,m12-praktische-zp-situationen,Praktische ZP-Situation: Zeit wird knapp. Vorgehen?,Aufgeben ohne Meldung.,Chaos produzieren.,"Prioritaeten setzen, sicher arbeiten, Pruefer informieren.",Sicherheit opfern.,Qualitaet ignorieren.,2,Strukturiertes Vorgehen auch unter Zeitdruck.,2
q-12-06-2,m12-praktische-zp-situationen,Was dokumentierst du in der praktischen ZP?,Private Notizen.,Messwerte und Ergebnisse gemaess Vorgabe.,Nichts.,Nur Unterschrift.,Falsche Werte.,1,Nachvollziehbare Dokumentation ist Teil der Bewertung.,2
q-12-07-1,m12-zeitmanagement-zp,Wie planst du Zeit in der praktischen ZP?,Pause maximieren.,"Arbeitsschritte einteilen, Puffer fuer Messen einplanen.",Alles ans Ende schieben.,Ohne Plan starten.,Messung weglassen.,1,Zeitmanagement verhindert Hektik und Fehler.,2
q-12-07-2,m12-zeitmanagement-zp,Was tust du bei unklarer Pruefungsaufgabe?,Pruefer um Erlaeuterung bitten.,Raten und hoffen.,Aufgabe ignorieren.,Eigene Aufgabe erfinden.,Abbrechen ohne Meldung.,0,Klaerung verhindert Fehlbearbeitung.,2
q-12-08-1,m12-wiederholung-monate-1-11,Welche Themen wiederholst du fuer ZP aus Monat 1-11?,"SHU, Werkstoffe, Messen, Fertigung, Pneumatik, Materialfluss.",Nur Berichtsheft-Stil.,Nur Fremdsprache.,Nur WiSo.,Nichts wiederholen.,0,ZP umfasst den Stoff des ersten Ausbildungsjahres.,2
q-12-08-2,m12-wiederholung-monate-1-11,Sinnvolle Wiederholung vor ZP?,Nur richtige Fragen.,Gar nicht lernen.,Alles einen Tag vorher.,Pruefungsordnung ignorieren.,Schwache Kategorien in der App gezielt trainieren.,4,Kategoriebezogenes Training zeigt Defizite.,2
q-12-09-1,m12-bze-pvzp,Was ist Ziel der BZE PVZP?,Nur Theorie ohne Praxis.,Urlaubsplanung.,Nur Sprachkurs.,Kein Bezug zur ZP.,Pruefungsvorbereitung auf praktische Zwischenpruefung.,4,BZE bereitet strukturiert auf ZP vor.,2
q-12-09-2,m12-bze-pvzp,Warum PVZP-Kurs sinnvoll?,Nur fuer Meister.,Ohne Maschinenkontakt.,Nur schriftlich.,Pruefungsnahe Situationen unter Anleitung ueben.,Ersetzt alle Pruefungen.,3,Uebung reduziert Pruefungsstress.,2
q-12-10-1,m12-pruefungsaufgaben-zp,Typische schriftliche ZP-Frage?,Keine gebundenen Aufgaben.,Nur muendlich.,"SHU, Technik oder Berufsbild als Single-Choice.",Nur Freitext ohne Bewertung.,Nur Zeichnen ohne Thema.,2,Schriftliche ZP nutzt u. a. PAL-aehnliche Formate.,2
q-12-10-2,m12-pruefungsaufgaben-zp,Bestehensgrenze ZP - was beachten?,Nur Anwesenheit zaehlt.,Vorgaben der Pruefungsordnung und IHK-Regeln.,Immer 100 Prozent noetig.,Keine Regeln.,Beliebig bestehen.,1,Bestehensregeln sind in Pruefungsordnung festgelegt.,2
q-13-01-1,m13-werkstoffeigenschaften-vertiefen,Was beschreibt die Streckgrenze?,Drehzahl.,Spannung ab der bleibende Verformung beginnt.,Farbe des Werkstoffs.,Preis pro Meter.,Oberflaechenfarbe.,1,Streckgrenze ist wichtige Kenngroesse fuer Metalle.,2
q-13-01-2,m13-werkstoffeigenschaften-vertiefen,Warum Werkstoffeigenschaften vertiefen?,Fuer richtige Verfahrens- und Werkzeugwahl in Produktion.,Nur fuer Pruefungsdeko.,Eigenschaften egal.,Nur Theorie ohne Praxis.,Ersetzt Messen.,0,Eigenschaften bestimmen Bearbeitbarkeit und Qualitaet.,2
q-13-02-1,m13-haerte-und-festigkeit,Was erhoeht Haerteverfahren bei Stahl?,Oberflaechenhaerte und Verschleissfestigkeit.,Gewicht halbiert.,Magnetismus verschwindet immer.,Werkstoff wird weicher immer.,Farbe allein.,0,Haerten passt Einsatzeigenschaften an.,2
q-13-02-2,m13-haerte-und-festigkeit,Was misst man mit HRC-Pruefung?,Laenge in mm.,Druck in bar.,Temperatur.,Rauheit Ra.,Rockwell-Haerte C-Skala.,4,HRC ist gaengige Haerteskala fuer gehaertete Staehle.,2
q-13-03-1,m13-kunststoffverhalten,Was passiert bei zu hoher Schnecktemperatur beim Spritzguss?,Immer bessere Teile.,Kein Einfluss.,Maschine wird schneller.,Farbe aendert sich nur.,Materialabbau oder Qualitaetsfehler am Teil.,4,Kunststoffverhalten haengt von Temperatur und Druck ab.,2
q-13-03-2,m13-kunststoffverhalten,Was ist Schwindmass beim Kunststoff?,Farbeffekt.,Magnetismus.,Drehzahl.,Massabnahme nach Abkuehlung des Teils.,Gewichtszunahme.,3,Schwindung muss in Werkzeug und Zeichnung beruecksichtigt werden.,2
q-13-04-1,m13-temperaturverhalten,Warum Temperatur bei Metallbearbeitung beachten?,Nur fuer Winter.,Nur fuer Buero.,Ersetzt Toleranz.,"Waerme beeinflusst Mass, Spannung und Werkzeugstandzeit.",Temperatur egal.,3,Thermische Einfluesse koennen Praezision und Qualitaet stoeren.,2
q-13-04-2,m13-temperaturverhalten,Was ist Warmrissgefahr?,Nur Optik.,Nur bei Kunststoff.,Risse durch Spannungen beim Abkuehlen heisser Bauteile.,Risse nur bei Kaelte.,Kein metallisches Thema.,2,Abkuehlregeln verhindern Rissbildung.,2
q-13-05-1,m13-werkstoffauswahl-produktbezogen,Produktbezogene Werkstoffauswahl?,Zeichnung ignorieren.,Nur Farbe.,"Material nach Anforderung an Festigkeit, Korrosion, Gewicht.",Immer gleicher Werkstoff.,Nur guenstigster Preis.,2,Bauteilanforderungen steuern Werkstoffwahl.,2
q-13-05-2,m13-werkstoffauswahl-produktbezogen,Wann Aluminium statt Stahl?,Weil Alu immer haerter ist.,Leichtbau und Korrosionsbestaendigkeit gefordert.,Immer bei jeder Last.,Nie in Technik.,Nur wegen Farbe.,1,Anforderungsprofil entscheidet ueber Werkstoff.,2
q-13-06-1,m13-ne-metalle-anwendung,Typische Anwendung Kupfer?,Nur Farbstoff.,Elektrische Leiter wegen guter Leitfaehigkeit.,Nur Fensterrahmen.,Nur Daemmung.,Nur Schmierstoff.,1,NE-Metalle haben spezifische Einsatzfelder.,2
q-13-06-2,m13-ne-metalle-anwendung,Warum Messing in Armaturen?,Gute Bearbeitbarkeit und Korrosionsverhalten.,Weil es glaenzt nur.,Weil es Glas ist.,Weil es magnetisch ist.,Weil es hart wie Diamant ist.,0,Legierungen werden nach Eigenschaften ausgewaehlt.,2
q-13-07-1,m13-werkstoffpruefung-vertiefen,Was prueft eine Zugprobe vertiefend?,"Festigkeit, Streckgrenze, Bruchdehnung.",Nur Farbe.,Nur Gewicht.,Nur Oberflaechenlack.,Nur Pneumatik.,0,Mechanische Kennwerte stuetzen Materialfreigabe.,2
q-13-07-2,m13-werkstoffpruefung-vertiefen,Warum zerstoerende Pruefung?,Weil Teile immer i.O. bleiben.,Nur fuer Papier.,Ersetzt Sichtpruefung immer.,Nur bei Holz.,Materialkennwerte am Probestueck direkt bestimmen.,4,Zug- und Haertepruefungen liefern belastbare Werte.,2
q-13-08-1,m13-fehler-durch-werkstoff,Fehler durch falschen Werkstoff?,Immer bessere Qualitaet.,Kein Einfluss.,Nur Optik.,Automatisch i.O.,"Bruch, Verschleiss, falsche Bearbeitbarkeit.",4,Werkstofffehler verursachen teure Nacharbeit.,2
q-13-08-2,m13-fehler-durch-werkstoff,Wie vermeidest du Werkstoffverwechslung?,Material mischen.,Zeichnung ignorieren.,Ohne Dokumentation nehmen.,"Kennzeichnung pruefen, Materialbegleitschein lesen.",Nach Farbe raten.,3,Rueckverfolgbarkeit sichert richtiges Material.,2
q-13-09-1,m13-bibb-kompetenzen,Was beschreibt BIBB-Kompetenz im Beruf?,Nur Gehalt.,Nur Urlaub.,Nur Koerpergroesse.,"Fachliche, methodische und soziale Handlungsfaehigkeit.",Nur Hobbys.,3,Kompetenzprofile strukturieren Ausbildungsinhalte.,2
q-13-09-2,m13-bibb-kompetenzen,Warum Kompetenzraster fuer MAF?,Nur fuer Schule.,Ersetzt Berichtsheft.,Lernfortschritt und Pruefungsanforderungen abbilden.,Nur Dekoration.,Ohne Bezug zur Ausbildung.,2,"Kompetenzen verbinden Betrieb, Schule und Pruefung.",2
q-13-10-1,m13-pruefungsaufgaben-werkstoff-ii,Pruefungsfrage Werkstoff II?,Immer Kunststoff.,"Eigenschaft, Verfahren und Anwendung zuordnen.",Nur Farbe.,Alles gleich.,Kein Bezug zur Zeichnung.,1,Vertiefungsfragen sind anwendungsorientiert.,2
q-13-10-2,m13-pruefungsaufgaben-werkstoff-ii,PAL Werkstoff: Schwindung Kunststoff?,Massabnahme nach Erkalten beruecksichtigen.,Keine Schwindung.,Mass waechst immer.,Nur bei Metall.,Ignorieren in Zeichnung.,0,Schwindung ist klassisches Pruefungsthema Kunststoff.,2
q-14-01-1,m14-produktionsplanung,Was ist Produktionsplanung?,"Termin-, kapazitaets- und materialbezogene Steuerung der Fertigung.",Nur Kantinenplan.,Nur Design.,Nur Urlaub.,Keine Planung noetig.,0,Planung koordiniert Auftraege und Ressourcen.,2
q-14-01-2,m14-produktionsplanung,Warum Produktionsplanung fuer MAF wichtig?,Nur Chef-Thema.,Azubi irrelevant.,Planung stoert.,Maschine plant selbst immer.,Du erkennst Prioritaeten und bereitest Arbeitsplaetze vor.,4,MAF arbeiten im geplanten Ablauf mit.,2
q-14-02-1,m14-maschinenbelegung,Was ist Maschinenbelegung?,Maschine abschalten.,Nur eine Maschine fuer alles.,Belegung egal.,Nur Deko.,Zuordnung von Auftraegen zu verfuegbaren Maschinen.,4,Sinnvolle Belegung vermeidet Engpaesse.,2
q-14-02-2,m14-maschinenbelegung,Was bei Maschinenengpass?,Maschine ueberlasten.,Qualitaet ignorieren.,Auftrag verstecken.,"Prioritaeten abstimmen, Umruesten planen, informieren.",Schweigen.,3,Abstimmung sichert Termine und Qualitaet.,2
q-14-03-1,m14-auftragsabstimmung,Was gehoert zur Auftragsabstimmung?,Nichts.,Nur Pause.,Nur Wetter.,"Termin, Menge, Qualitaet und Schnittstellen klaeren.",Nur small talk.,3,Abstimmung verhindert Missverstaendnisse.,2
q-14-03-2,m14-auftragsabstimmung,Wen informierst du bei Terminrisiko?,Nur nach Schichtende.,Kunden direkt ohne Absprache.,"Vorgesetzten, Planung, ggf. nachgelagerte Bereiche.",Niemanden.,Nur Freunde.,2,Fruehe Information ermoeglicht Gegensteuerung.,2
q-14-04-1,m14-uebergabeprotokoll,Was gehoert ins Uebergabeprotokoll?,Private Daten.,Nur Fotos ohne Text.,"Stand, offene Punkte, Messwerte, Stoerungen.",Nur Witze.,Nichts.,2,Protokolle sichern Informationsfluss.,2
q-14-04-2,m14-uebergabeprotokoll,Warum schriftliche Uebergabe?,Nur bei Urlaub.,Nachvollziehbarkeit und weniger Fehler.,Papier sparen durch Weglassen.,Muendlich reicht immer.,Protokoll verboten.,1,Dokumentierte Uebergabe ist Qualitaetsinstrument.,2
q-14-05-1,m14-dokumentation-produktion,Was dokumentierst du in der Produktion?,Nur Geruechte.,"Parameter, Pruefergebnisse, Stoerungen, Mengen.",Nichts.,Nur Hobbys.,Nur Wetter.,1,Produktionsdokumentation stuetzt QS und Rueckverfolgung.,2
q-14-05-2,m14-dokumentation-produktion,Warum Rueckverfolgbarkeit?,Bei Fehlern Charge oder Auftrag identifizieren.,Rueckverfolgung optional.,Nur Marketing.,Nur fuer Export.,Unnoetig bei Kleinserien immer.,0,Rueckverfolgbarkeit begrenzt Schadensausmass.,2
q-14-06-1,m14-terminplanung,Was ist Terminplanung?,Zeitliche Abfolge von Auftraegen und Ressourcen.,Nur Pausenplan.,Keine Zeiten noetig.,Nur Wochenende.,Beliebig.,0,Termine verbinden Kundenwunsch und Kapazitaet.,2
q-14-06-2,m14-terminplanung,Puffer in Terminplanung - warum?,Puffer verschwenden Zeit immer.,Nie Puffer einplanen.,Puffer nur fuer Pause.,Termine egal.,Unvorhergesehenes wie Ruesten oder Stoerungen abfangen.,4,Realistische Puffer erhoehen Termintreue.,2
q-14-07-1,m14-schnittstellen-planung,Schnittstelle Planung zu Fertigung?,Muendliche Geruechte.,Keine Vorgaben.,Zeichnung optional.,Material egal.,Freigegebene Auftraege mit klaren Vorgaben.,4,Klare Vorgaben ermoeglichen sichere Fertigung.,2
q-14-07-2,m14-schnittstellen-planung,Was tust du bei widerspruechlichen Vorgaben?,Schweigen.,Zeichnung ignorieren.,Selbst freigeben.,Rueckfrage bei Planung oder Vorgesetztem.,Beliebig waehlen.,3,Unklarheiten muessen vor Bearbeitung geklaert werden.,2
q-14-08-1,m14-produktionsdaten-auswerten,Was sind Produktionsdaten auswerten?,Nur anschauen ohne Bedeutung.,Nur Farben zaehlen.,Daten geheim halten immer.,"Kennzahlen wie Ausschuss, Laufzeit, OEE betrachten.",Daten loeschen.,3,Auswertung unterstuetzt Verbesserung.,2
q-14-08-2,m14-produktionsdaten-auswerten,Hoher Ausschuss - erste Frage?,Maschine schneller laufen.,Toleranz erweitern heimlich.,Welcher Prozess- oder Materialfehler liegt vor?,Wer ist schuld suche ohne Analyse.,Ignorieren.,2,Systematische Analyse statt Schuldzuweisung.,2
q-14-09-1,m14-teamkommunikation,Gute Teamkommunikation im Betrieb?,Nur per Geruecht.,Schweigen bei Stoerung.,"Sachlich, zeitnah, dokumentiert bei Abweichungen.",Nur laut werden.,Informationen verstecken.,2,Kommunikation sichert Qualitaet und Sicherheit.,2
q-14-09-2,m14-teamkommunikation,Was gehoert zur Kommunikation bei Umruestung?,Werkzeug verstecken.,"Status, offene Arbeiten, benoetigte Teile melden.",Heimlich umruesten.,Nichts sagen.,Maschine laufen lassen.,1,Team muss Betriebszustand kennen.,2
q-14-10-1,m14-pruefungsaufgaben-planung-ii,Pruefungsfrage Planung II?,"Arbeitsfolge, Termine und Schnittstellen logisch ordnen.",Alles parallel ohne Plan.,Sicherheit ignorieren.,Dokumentation weglassen.,Material egal.,0,Planungsaufgaben testen wirtschaftliches Denken.,2
q-14-10-2,m14-pruefungsaufgaben-planung-ii,PAL Planung: Terminverzug vermeiden?,Schweigen.,Qualitaet opfern.,Sicherheit ignorieren.,Planung abschaffen.,"Frueh kommunizieren, Prioritaeten abstimmen, Puffer nutzen.",4,Proaktive Planung reduziert Verzug.,2
q-15-01-1,m15-fuegen-und-trennen,Was ist Fuegen?,Nur Trennen.,Nur Messen.,Nur Lackieren.,Nur Transport.,"Verbinden von Bauteilen z. B. durch Schrauben, Kleben, Schweissen.",4,Fuegen ist wichtige Fertigungsgruppe.,2
q-15-01-2,m15-fuegen-und-trennen,Was ist Trennen?,Nur biegen.,Nur messen.,Nur lagern.,"Zerteilen von Material z. B. saegen, schneiden, stanzen.",Nur kleben.,3,Trennen bereitet Werkstuecke fuer weitere Schritte vor.,2
q-15-02-1,m15-umformen,Was ist Umformen?,Nur schmelzen.,Nur messen.,Nur entgraten.,"Form aendern durch Biegen, Pressen, Tiefziehen.",Nur spanend.,3,Umformen nutzt Plastizitaet des Werkstoffs.,2
q-15-02-2,m15-umformen,Beispiel Umformen in Blech?,Reiben.,Haertepruefung.,Abkanten an der Kantbank.,Drehen auf Drehbank.,Spritzguss.,2,Blechbearbeitung nutzt viele Umformverfahren.,2
q-15-03-1,m15-spanen-vertiefen,Was vertieft sich beim Spanen?,Nur manuell.,Kein Kuehlmittel je.,"Parameter, Werkzeuge, Prozesssicherheit.",Nur Theorie ohne Maschine.,Spanen entfaellt.,2,Spanende Verfahren sind Kernkompetenz MAF.,2
q-15-03-2,m15-spanen-vertiefen,Wann Feinbearbeitung nach Grobbearbeitung?,Nur ohne Messung.,Wenn enge Toleranzen oder Oberflaeche gefordert sind.,Nie noetig.,Immer vor Grobbearbeitung.,Nur bei Holz.,1,Bearbeitungsstufen folgen Qualitaetsanforderung.,2
q-15-04-1,m15-kunststoffbearbeitung,Kunststoffbearbeitung - was beachten?,Kein Messen.,"Temperatur, Schwindung, Werkzeuggeometrie.",Wie Metall ohne Unterschied.,Keine Parameter.,Nur Farbe.,1,Kunststoffe haben eigene Prozessregeln.,2
q-15-04-2,m15-kunststoffbearbeitung,Typisches Verfahren fuer Kunststoffplatten?,"Saegen, fraesen, bohren mit passenden Parametern.",Schweissen Stahl.,Haerten.,Galvanisieren immer.,Giessen von Metall.,0,Parameter muessen zum Werkstoff passen.,2
q-15-05-1,m15-verfahrensauswahl,Verfahrensauswahl nach Zeichnung?,"Verfahren passend zu Werkstoff, Toleranz, Stueckzahl.",Immer gleiches Verfahren.,Nur guenstigster Preis.,Zeichnung ignorieren.,Nur schnellste Variante unsicher.,0,Technische Anforderungen steuern Verfahren.,2
q-15-05-2,m15-verfahrensauswahl,Kleinstserie vs. Massenfertigung?,Kein Unterschied.,Immer manuell.,Immer ohne Plan.,Qualitaet egal.,"Andere Maschinen, Ruestzeit und Automatisierung.",4,Stueckzahl beeinflusst Wirtschaftlichkeit.,2
q-15-06-1,m15-werkzeugwahl-verfahren,Werkzeugwahl nach Verfahren?,Ein Werkzeug fuer alles.,Nur groesstes Werkzeug.,Stumpf bevorzugen.,Ohne Zeichnung.,Schneidstoff und Geometrie passend zu Werkstoff und Aufgabe.,4,Falsches Werkzeug verursacht Ausschuss.,2
q-15-06-2,m15-werkzeugwahl-verfahren,Schneidstoff fuer Aluminium?,Holzwerkzeug.,Kein Span.,Keine Kuehlung je.,"Polierte Spalte, hohe Schnittgeschwindigkeit, passende Geometrie.",Wie Gusseisen ohne Anpassung.,3,Aluminium klebt gern - spezielle Geometrie noetig.,2
q-15-07-1,m15-prozessoptimierung,Was ist Prozessoptimierung?,Qualitaet senken.,Dokumentation stoppen.,Sicherheit reduzieren.,"Parameter verbessern fuer Qualitaet, Zeit oder Kosten.",Maschine ohne Messung schneller.,3,Optimierung basiert auf Daten und Versuch.,2
q-15-07-2,m15-prozessoptimierung,Woran erkennst du Optimierungsbedarf?,Nur Farbe.,Keine Indikatoren.,"Ausschuss, Nacharbeit, lange Ruestzeit, Stoerungen.",Alles perfekt immer.,Nur Laerm.,2,Kennzahlen zeigen Verbesserungspotenzial.,2
q-15-08-1,m15-bze-fertigung,BZE Fertigung vertieft?,Kein Messen.,Keine Maschinen.,Praxis an Maschinen mit Pruefungsbezug.,Nur Theorie.,Nur Sport.,2,BZE ergaenzt betriebliche Vertiefung.,2
q-15-08-2,m15-bze-fertigung,Warum Verfahren in BZE ueben?,Nur Zuschauen.,Sichere Ausfuehrung vor Pruefung und im Betrieb.,Nur Zeit fuellen.,Ersetzt Betrieb.,Ohne Bezug.,1,Praxis unter Anleitung reduziert Fehler.,2
q-15-09-1,m15-qualitaet-verfahren,Qualitaet im Verfahren sichern?,Protokoll weglassen.,"Erstteil pruefen, Parameter dokumentieren, regelmaessig messen.",Nur am Ende schauen.,Nie messen.,Toleranz erweitern.,1,Prozessbegleitende Pruefung verhindert Serienfehler.,2
q-15-09-2,m15-qualitaet-verfahren,Oberflaeche n.i.O. nach Fraesen?,"Parameter, Werkzeug, Nachbearbeitung pruefen.",Ignorieren.,Serie weiter.,Zeichnung aendern heimlich.,Maschine abschalten ohne Meldung.,0,Oberflaeche ist oft Qualitaetsmerkmal.,2
q-15-10-1,m15-pruefungsaufgaben-fertigung-ii,Pruefungsfrage Fertigung II?,Alles gleich.,Nur Farbe.,Sicherheit egal.,Zeichnung ignorieren.,"Verfahren, Werkzeug und Folge zuordnen.",4,Anwendungsfragen dominieren in Pruefungen.,2
q-15-10-2,m15-pruefungsaufgaben-fertigung-ii,PAL Fertigung: sicherste Bearbeitungsfolge?,Ohne Plan.,Ohne Pruefung.,Schutz ignorieren.,"Lesen, planen, einspannen, bearbeiten, pruefen, dokumentieren.",Sofort spanen.,3,Strukturiertes Vorgehen ist pruefungsrelevant.,2
q-16-01-1,m16-mass--und-formtoleranz,Was ist Mass-toleranz?,Nur Gewicht.,Nur Druck.,Nur Drehzahl.,Zulaessige Abweichung eines linearen Masses.,Nur Farbe.,3,Mass-toleranzen begrenzen zulaessige Abweichung.,2
q-16-01-2,m16-mass--und-formtoleranz,Was ist Form-toleranz?,Nur Gewicht.,Nur Preis.,Zulaessige Abweichung der Form von Idealgeometrie.,Nur Laenge.,Nur Farbe.,2,Formabweichungen wie Rundheit werden begrenzt.,2
q-16-02-1,m16-lagetoleranz,Was ist Lagetoleranz?,Nur Haerte.,Nur Temperatur.,Zulaessige Abweichung der Lage zu Bezuegen.,Nur Oberflaechenfarbe.,Nur Gewicht.,2,Lage bezieht sich auf Position z. B. von Bohrungen.,2
q-16-02-2,m16-lagetoleranz,Bezug fuer Lagetoleranz oft?,Nur Farbe.,Bezugsachse oder Bezugsflaeche.,Kantine.,Wetter.,Beliebige Kante ohne Bezug.,1,Bezuege definieren Messgrundlage.,2
q-16-03-1,m16-oberflaechenanforderungen,Was beschreibt Oberflaechenanforderung Ra?,Spannung in bar.,Geforderte Rauheit der Oberflaeche.,Haerte HRC.,Dichte.,Preis.,1,Ra ist gaengiges Oberflaechenkennzeichen.,2
q-16-03-2,m16-oberflaechenanforderungen,Feinere Oberflaeche bedeutet?,"Kleinerer Ra-Wert, glattere Oberflaeche.",Groesserer Ra.,Keine Messung.,Nur Farbe.,Immer gleich.,0,Kleinere Ra-Werte sind feinere Oberflaechen.,2
q-16-04-1,m16-pruefplan-erstellen,Was enthaelt ein Pruefplan?,"Merkmale, Messmittel, Haeufigkeit, Dokumentation.",Nur Witze.,Nur Urlaub.,Keine Merkmale.,Nur Werbung.,0,Pruefplaene steuern systematische QS.,2
q-16-04-2,m16-pruefplan-erstellen,Warum Pruefplan vor Serienstart?,Plan optional.,Nur fuer Export.,Erst nach Reklamation.,Nie dokumentieren.,Einheitliche Pruefung und Nachweis.,4,Plan verhindert vergessene Pruefschritte.,2
q-16-05-1,m16-abweichungen-dokumentieren,Abweichung dokumentieren - was angeben?,Nur Datum.,Nichts.,Nur Unterschrift.,Nur Farbe.,"Soll, Ist, Merkmal, Massnahme.",4,Vollstaendige Dokumentation fuer QS und Nacharbeit.,2
q-16-05-2,m16-abweichungen-dokumentieren,n.i.O.-Teil ohne Dokumentation?,Immer erlaubt.,QS egal.,Kunde braucht nichts.,"Unzulaessig, Rueckverfolgung und Freigabe gefaehrdet.",Kein Problem.,3,Dokumentation ist Pflicht bei Abweichungen.,2
q-16-06-1,m16-qualitaetsmerkmale,Was ist ein Qualitaetsmerkmal?,Nur Pausenzeit.,Nur Lohn.,Nur Wetter.,Eigenschaft die den Kundenanforderungen entspricht.,Nur Farbe des Hallenbodens.,3,Merkmale sind mess- oder pruefbar.,2
q-16-06-2,m16-qualitaetsmerkmale,Kritisches Merkmal bedeutet?,Darf n.i.O. sein.,Nicht pruefen.,Direkter Einfluss auf Funktion oder Sicherheit.,Unwichtig.,Nur Optik.,2,Kritische Merkmale brauchen besondere Aufmerksamkeit.,2
q-16-07-1,m16-bk-fertigungsprueftechnik,BK Fertigungsprueftechnik vermittelt?,Kein Messen.,Nur Theorie ohne Praxis.,"Messtechnik, Toleranzen, Pruefplanung.",Nur Sport.,Nur Sprache.,2,Berufskolleg vertieft Prueftechnik.,2
q-16-07-2,m16-bk-fertigungsprueftechnik,Warum Fertigungsprueftechnik fuer MAF?,Nur fuer Meister.,Qualitaet sichern und pruefungsrelevante Messverfahren beherrschen.,Nur Nebenfach.,Ersetzt Fertigung.,Ohne Maschinenbezug.,1,Prueftechnik ist Kern der Qualitaetssicherung.,2
q-16-08-1,m16-messmittel-toleranz,Messmittel fuer Lagetoleranz?,Waage allein.,"Koordinatenmessgeraet, Lehren, passende Fixierungen.",Thermometer.,Barometer.,Nur Lineal fuer alles.,1,Lage erfordert oft praezise Messysteme.,2
q-16-08-2,m16-messmittel-toleranz,Warum kalibrierte Messmittel?,Nachweisbare Messgenauigkeit.,Kalibrierung optional.,Defekt ist egal.,Schaetzen reicht.,Nur neue Geraete ohne Pruefung.,0,Kalibrierung sichert gueltige Messwerte.,2
q-16-09-1,m16-freigabe-werkstueck,Wann Werkstueck freigeben?,Wenn alle relevanten Merkmale i.O. und dokumentiert.,Immer sofort.,Ohne Messung.,Bei n.i.O. ohne Freigabe.,Nur wenn Chef wegschaut.,0,Freigabe ist Qualitaetsentscheidung.,2
q-16-09-2,m16-freigabe-werkstueck,Wer darf n.i.O.-Teil freigeben?,Jeder Azubi allein.,Ohne Dokumentation.,Immer Kunde.,Niemand je.,Nur befugte Stelle gemaess QS-Prozess.,4,Freigaberegeln verhindern Fehlteile im Umlauf.,2
q-16-10-1,m16-pruefungsaufgaben-qualitaet,Pruefungsfrage Toleranzen?,Nur schaetzen.,Immer i.O.,Zeichnung nicht lesen.,Soll-Ist vergleichen und i.O./n.i.O. bewerten.,Toleranz ignorieren.,3,Toleranzaufgaben sind Standard in Pruefungen.,2
q-16-10-2,m16-pruefungsaufgaben-qualitaet,PAL Qualitaet: Pruefplan lesen?,Nur Sichtpruefung immer.,Dokumentation weglassen.,"Merkmal, Mittel und Haeufigkeit richtig zuordnen.",Plan ignorieren.,Alles messen ohne Plan.,2,Pruefplaene strukturieren QS-Aufgaben.,2
q-17-01-1,m17-sensor-und-aktor,Was ist ein Sensor in der Anlage?,Nur Span.,Nur Zeichnung.,Erfasst physikalische Groessen und liefert Signale.,Nur Motor.,Nur Werkzeug.,2,Sensoren liefern Eingangsgroessen fuer Steuerung.,2
q-17-01-2,m17-sensor-und-aktor,Beispiel Sensor an Maschine?,Berichtsheft.,"Endschalter, Drucksensor, Temperaturfuehler.",Hammer.,Schraubendreher.,Feile.,1,Sensoren melden Zustand an Steuerung.,2
q-17-02-1,m17-steuerung-grundlagen,Was ist ein Aktor?,Nur malt.,Setzt Steuersignale in mechanische Bewegung um.,Nur misst.,Nur dokumentiert.,Nur archiviert.,1,"Motoren, Zylinder und Ventile sind Aktoren.",2
q-17-02-2,m17-steuerung-grundlagen,Beispiel Aktor?,"Elektromotor, pneumatischer Zylinder.",Thermometer.,Messschieber.,Tabellenbuch.,Lineal.,0,Aktoren fuehren Bewegungen aus.,2
q-17-03-1,m17-regelkreis,Was ist eine Steuerung?,Schaltet Signale nach festem Ablauf ohne Rueckkopplung.,Misst nur Temperatur.,Ersetzt Sicherheit.,Nur manuell immer.,Nur fuer Buero.,0,Steuerungen folgen definierten Schaltprogrammen.,2
q-17-03-2,m17-regelkreis,Unterschied Steuerung und Regelung?,Kein Unterschied.,Steuerung hat Rueckkopplung immer.,Regelung ohne Messung.,Beides nur manuell.,Regelung vergleicht Soll-Ist und korrigiert.,4,Regelkreise stabilisieren Prozessgroessen.,2
q-17-04-1,m17-signale-in-der-anlage,Was ist ein Regelkreis?,Nur Schalter.,Nur Zeichnung.,Nur Transport.,Nur Lager.,"Sollwert, Istwert, Regler, Stellglied, Rueckkopplung.",4,Regelkreis haelt Groesse im Toleranzband.,2
q-17-04-2,m17-signale-in-der-anlage,Beispiel Regelgroesse an Maschine?,Geruch.,Preis.,Urlaub.,"Temperatur, Drehzahl, Druck.",Farbe.,3,Typische Groessen werden automatisch geregelt.,2
q-17-05-1,m17-not-halt,Welche Signale in Anlagen?,Nur Licht ohne Funktion.,Keine Signale.,Nur akustisch.,"Digital und analog, elektrisch oder pneumatisch.",Nur mechanisch ohne Bedeutung.,3,"Signale verbinden Sensorik, Steuerung und Aktoren.",2
q-17-05-2,m17-not-halt,Digitales Signal bedeutet?,Nur Druck in bar.,Nur Temperatur.,Nur zwei Zustaende z. B. ein/aus.,Stetiger Wertebereich.,Nur analog.,2,Digitale Eingaenge melden Schaltzustaende.,2
q-17-06-1,m17-bedienfehler-vermeiden,Was bewirkt Not-Halt?,Nur Lampe an.,Nur Pause.,Anlage in sicheren Zustand versetzen.,Produktion beschleunigen.,Schutz ueberbruecken.,2,Not-Halt dient Personenschutz.,2
q-17-06-2,m17-bedienfehler-vermeiden,Darf Not-Halt dauerhaft ueberbrueckt werden?,"Ja, in Pruefung.","Nein, nur fuer Reparatur nach Freigabe und Sicherung.","Ja, immer.","Ja, wenn schneller produziert wird.","Ja, ohne Regel.",1,Ueberbrueckung gefaehrdet Personen.,2
q-17-07-1,m17-bk-steuerungstechnik,Typischer Bedienfehler?,Zu langsame Maschine.,"Falsche Taste, fehlende Freigabe, unzureichende Einweisung.",Zu saubere Anlage.,Zu gute Dokumentation.,Zu viel SHU.,1,Einweisung und klare Bedienung reduzieren Fehler.,2
q-17-07-2,m17-bk-steuerungstechnik,Wie Bedienfehler vermeiden?,"Einweisung, Checklisten, Bestaetigungsdialoge.",Ohne Training.,Gerate ignorieren.,Not-Halt entfernen.,Schilder entfernen.,0,Menschliche Fehler durch Organisation reduzieren.,2
q-17-08-1,m17-sicherheitsvorschriften-steuerung,BK Steuerungstechnik vermittelt?,"Grundlagen SPS, Signale, Sicherheit.",Nur Sport.,Nur Sprache.,Keine Anlagen.,Nur Theorie ohne Bezug.,0,Steuerungstechnik ist Berufsschulthema.,2
q-17-08-2,m17-sicherheitsvorschriften-steuerung,Warum Steuerung fuer MAF?,Nur IT-Admin.,Nur Meister.,Nicht relevant.,Nur Elektriker.,"Anlagen bedienen, Stoerungen erkennen, sicher handeln.",4,MAF bedienen steuerungstechnische Anlagen.,2
q-17-09-1,m17-inbetriebnahme,Sicherheitsvorschrift bei Steuerung?,Unter Spannung arbeiten.,Schutzeinrichtungen entfernen.,Not-Halt ueberbruecken.,Ohne Freigabe.,Spannungsfrei schalten vor Arbeiten an elektrischen Teilen.,4,Elektrische Arbeiten erfordern Freischaltung.,2
q-17-09-2,m17-inbetriebnahme,Wer darf elektrische Anlage oeffnen?,Ohne Einweisung.,Waehrend Vollbetrieb beliebig.,Nur Reinigungspersonal ohne Regel.,Nur befugte Personen nach Freigabe.,Jeder Azubi allein.,3,Befaehigung und Freigabe schuetzen vor Stromschlag.,2
q-17-10-1,m17-pruefungsaufgaben-steuerung,Pruefungsfrage Steuerung?,Not-Halt ignorieren.,Signale egal.,"Sensor, Aktor, Steuerung/Regelung zuordnen.",Alles gleich.,Nur Farbe.,2,Grundlagenfragen zu Signalweg sind typisch.,2
q-17-10-2,m17-pruefungsaufgaben-steuerung,PAL Steuerung: Not-Halt?,Nur melden ohne Stop.,Sofort sicher stoppen und Ursache klaeren.,Weiterlaufen.,Ueberbruecken.,Ignorieren.,1,Not-Halt-Verhalten ist pruefungsrelevant.,2
q-18-01-1,m18-ruestplan,Was ist ein Ruestplan?,Keine Angaben.,Anleitung zum Einrichten der Maschine fuer einen Auftrag.,Nur Urlaubsplan.,Nur Kantinenkarte.,Nur Werbung.,1,"Ruestplan beschreibt Werkzeuge, Spannung, Programme.",2
q-18-01-2,m18-ruestplan,Warum Ruestplan lesen vor Start?,Fehlerfreies Einrichten und Zeit sparen.,Optional.,Erst nach Fehler.,Zeichnung ersetzt alles negativ.,Nur Chef liest.,0,Plan reduziert Ruestfehler.,2
q-18-02-1,m18-werkzeugwechsel,Werkzeugwechsel - was pruefen?,"Nummer, Verschleiss, Einspannlaenge, Kuehlung.",Nur Farbe.,Nichts.,Sofort Vollast.,Ohne Freigabe Serienstart.,0,Korrektes Werkzeug sichert Qualitaet.,2
q-18-02-2,m18-werkzeugwechsel,Nach Werkzeugwechsel zuerst?,Serie sofort.,Dokumentation weglassen.,Schutztuer offen.,Parameter ignorieren.,Probelauf und Erstteilpruefung.,4,Aenderungen erfordern Freigabe am Teil.,2
q-18-03-1,m18-maschine-einstellen,Maschine einstellen bedeutet?,Nur einschalten.,Nur putzen.,Nur malen.,Ohne Zeichnung.,"Nullpunkt, Spannung, Parameter, Werkzeuge setzen.",4,Einstellen bereitet fehlerfreie Bearbeitung vor.,2
q-18-03-2,m18-maschine-einstellen,Nullpunkt an CNC?,Kantinenpreis.,Beliebiger Punkt ohne Bezug.,Nur optisch.,Bezugspunkt fuer Programm und Werkstueck.,Pausezeit.,3,Nullpunkt verknuepft Programm mit Werkstueck.,2
q-18-04-1,m18-probelauf,Was ist Probelauf?,Ohne Schutz.,Nur Theorie.,Maschine ohne Werkstueck max.,Test mit reduzierter Gefahr vor Serienfertigung.,Sofort Vollserie.,3,Probelauf erkennt Kollisionen und Fehler.,2
q-18-04-2,m18-probelauf,Probelauf bei neuer Ruestung?,Nie noetig.,Erst nach Ausschuss.,Pflicht vor Freigabe der Serie.,Optional immer.,Nur bei Holz.,2,Probelauf schuetzt Maschine und Werkstueck.,2
q-18-05-1,m18-freigabe-nach-ruesten,Freigabe nach Ruesten?,Bei n.i.O. weiter.,Heimlich starten.,"Erstteil i.O., Dokumentation, Freigabe durch Berechtigten.",Sofort Serie.,Ohne Messung.,2,Freigabe verhindert Serienfehler.,2
q-18-05-2,m18-freigabe-nach-ruesten,Wer dokumentiert Ruestfreigabe?,Nur extern.,Bedienende/r gemaess QS-Vorgabe.,Niemand.,Nur Kunde.,Nur IT.,1,Nachweis ist Teil des QS-Prozesses.,2
q-18-06-1,m18-umruesten,Umruesten bedeutet?,Ohne Plan wechseln.,Maschine von Auftrag A auf Auftrag B umstellen.,Maschine abschalten fuer immer.,Nur putzen.,Nur Werkzeug lackieren.,1,Umruesten braucht Zeit und Planung.,2
q-18-06-2,m18-umruesten,Was reduziert Ruestzeit?,"Standardisierte Spannmittel, vorbereitete Werkzeuge, klare Plaene.",Chaos.,Fehlende Unterlagen.,Improvisieren.,Keine Vorbereitung.,0,Organisation senkt Ruestzeiten.,2
q-18-07-1,m18-ruestzeit-optimieren,Ruestzeit optimieren - wer beteiligt?,"Fertigung, Planung, Werkzeugvorbereitung.",Nur Azubi allein.,Niemand.,Nur Kunde.,Nur QS allein.,0,Optimierung ist Teamaufgabe.,2
q-18-07-2,m18-ruestzeit-optimieren,SMED-Idee im Umruesten?,Alles waehrend Stillstand suchen.,Keine Vorbereitung.,Ruestzeit egal.,Nur schneller unsicher.,Interne/externe Schritte trennen und vorbereiten.,4,Vorbereitung parallel reduziert Stillstand.,2
q-18-08-1,m18-dokumentation-ruesten,Ruestdokumentation enthaelt?,Nur Witze.,Nichts.,Nur Unterschrift.,Nur Wetter.,"Auftrag, Werkzeuge, Parameter, Pruefergebnis.",4,Dokumentation ermoeglicht Wiederholbarkeit.,2
q-18-08-2,m18-dokumentation-ruesten,Warum Ruesthistorie speichern?,Nur Papierstau.,Geheim halten.,Loeschen immer.,Bei Wiederholauftrag schneller und fehlerfreier ruesten.,Unnoetig.,3,Erfahrungswerte beschleunigen Umruestung.,2
q-18-09-1,m18-sicherheit-ruesten,Sicherheit beim Ruesten?,Not-Halt ueberbruecken.,Ohne Einweisung.,Schutztuer offen.,"Maschine stoppen, spannungsfrei, Schutzeinrichtungen nutzen.",Unter Last ruesten.,3,Ruesten birgt Quetsch- und Schnittgefahren.,2
q-18-09-2,m18-sicherheit-ruesten,Hand in Maschine bei laufender Spindel?,Erlaubt bei kleiner Maschine.,Erlaubt wenn niemand schaut.,Verboten - erst stoppen und sichern.,Erlaubt wenn schnell.,Nur mit Handschuhen.,2,Rotierende Werkzeuge sind lebensgefaehrlich.,2
q-18-10-1,m18-pruefungsaufgaben-ruesten,Pruefungsfrage Ruesten?,Schutz ignorieren.,"Sinnvolle Reihenfolge: Plan lesen, einrichten, Probelauf, pruefen.",Sofort Serie.,Ohne Plan.,Ohne Pruefung.,1,Strukturiertes Ruesten ist Pruefungsthema.,2
q-18-10-2,m18-pruefungsaufgaben-ruesten,PAL Ruesten: Erstteil n.i.O.?,"Parameter/Werkzeug korrigieren, erneut pruefen.",Serie starten.,Toleranz erweitern.,Schweigen.,Maschine unveraendert.,0,Korrektur vor Serienfreigabe ist Pflicht.,2
q-19-01-1,m19-soll-ist-vergleich,Was ist Soll-Ist-Vergleich?,Abgleich von vorgegebenem und gemessenem Wert.,Nur Schaetzung.,Nur Farbe.,Nur Gewicht.,Ohne Messung.,0,Abweichungen werden so sichtbar.,2
q-19-01-2,m19-soll-ist-vergleich,Ist-Wert ausserhalb Toleranz?,Ignorieren.,Toleranz selbst erweitern.,Serie ohne Pruefung.,Dokumentation loeschen.,Prozess anpassen oder Meldung ausloesen.,4,Abweichungen erfordern Massnahmen.,2
q-19-02-1,m19-prozessparameter-einstellen,Prozessparameter einstellen?,Beliebig.,Nur maximal.,Ohne Zeichnung.,Nie dokumentieren.,"Drehzahl, Vorschub, Kuehlung gemaess Vorgabe und Ergebnis.",4,Parameter steuern Qualitaet und Zeit.,2
q-19-02-2,m19-prozessparameter-einstellen,Parameter nach Erstteil anpassen?,Nur Chef darf denken.,Blind weiter.,Ohne Messung.,"Ja, bis Merkmale i.O. sind.",Nie aendern.,3,Feinjustage ist normaler Prozess.,2
q-19-03-1,m19-prozessdaten-lesen,Prozessdaten lesen?,Nur analog schaetzen.,Nur Hoeren.,Nur Farbe.,Anzeigen und Protokolle der Maschine/Steuerung auswerten.,Ignorieren.,3,Daten zeigen Prozesszustand.,2
q-19-03-2,m19-prozessdaten-lesen,Typische Prozessdaten?,Wetter.,Schuhgroesse.,"Drehzahl, Vorschub, Temperatur, Stueckzaehler.",Kantinenpreis.,Urlaubstage.,2,Maschinendaten unterstuetzen Ueberwachung.,2
q-19-04-1,m19-prozessabweichung,Prozessabweichung erkennen?,Nur wenn Chef fragt.,Nie messen.,"Trend ausserhalb Soll, Ausschuss, ungewoehnliche Geraeusche.",Alles normal immer.,Nur am Monatsende.,2,Frueherkennung verhindert Serienfehler.,2
q-19-04-2,m19-prozessabweichung,Bei anhaltender Abweichung?,Schutz aus.,"Produktion stoppen, Ursache suchen, melden.",Weiter bis Lager voll Ausschuss.,Schweigen.,Parameter zufaellig.,1,Sicherheit und Qualitaet vor Output.,2
q-19-05-1,m19-produktionsprozess-ueberwachen,Produktionsprozess ueberwachen?,Nur Dokumente archivieren.,"Parameter, Qualitaet und Stoerungen laufend beobachten.",Nur am Schichtende.,Gar nicht.,Nur Pause.,1,MAF ueberwachen laufende Prozesse.,2
q-19-05-2,m19-produktionsprozess-ueberwachen,Warum laufende Ueberwachung?,Frueh eingreifen bei Abweichungen.,Unnoetig.,Nur fuer Meister.,Ersetzt QS komplett.,Nur Statistik.,0,Prozessstabilitaet sichert Qualitaet.,2
q-19-06-1,m19-anpassung-parameter,Anpassung Parameter dokumentieren?,"Ja, fuer Nachvollziehbarkeit und Wiederholbarkeit.","Nein, geheim.",Nur muendlich.,Optional.,Loeschen.,0,Dokumentation unterstuetzt Optimierung.,2
q-19-06-2,m19-anpassung-parameter,Wer darf Parameter ohne Freigabe aendern?,Jeder.,Azubi allein immer.,Besucher.,Ohne Regel.,Niemand ausserhalb der definierten Befugnis.,4,Aenderungen brauchen Verantwortung und Kenntnis.,2
q-19-07-1,m19-dokumentation-prozess,Prozessdokumentation enthaelt?,Nur Hobbys.,Nichts.,Nur Fotos.,Nur Geruechte.,"Parameter, Pruefwerte, Stoerungen, Mengen.",4,Datenbasis fuer Verbesserung.,2
q-19-07-2,m19-dokumentation-prozess,Warum Protokoll bei Parameteraenderung?,Unnoetig.,Nur Chef.,Nur einmal im Jahr.,Rueckverfolgung bei Qualitaetsfragen.,Papier sparen.,3,Nachvollziehbarkeit ist QS-Grundlage.,2
q-19-08-1,m19-qualitaet-im-prozess,Qualitaet im Prozess?,Nur bei Reklamation.,Nie pruefen.,Nur Sicht am Schluss.,Regelmaessige Pruefung waehrend laufender Fertigung.,Nur am Jahresende.,3,Prozessbegleitende Pruefung verhindert Ausschuss.,2
q-19-08-2,m19-qualitaet-im-prozess,Stichprobe waehrend Serie?,Nur letztes Teil.,Ohne Plan.,Gemaess Pruefplan in festen Abstaenden.,Beliebig nie.,Nur erstes Teil.,2,Pruefplan definiert Pruefhaeufigkeit.,2
q-19-09-1,m19-stoerungen-prozess,Stoerung im Prozess?,Schutz aus.,Verstecken.,"Sicher stoppen, melden, Ursache eingrenzen.",Weiterlaufen.,Ignorieren.,2,Stoerungen gefaehrden Qualitaet und Sicherheit.,2
q-19-09-2,m19-stoerungen-prozess,Nach Prozessstoerung vor Wiederstart?,Parameter zufaellig.,"Ursache behoben, Freigabe, Probelauf falls noetig.",Sofort Vollast.,Ohne Pruefung.,Not-Halt dauerhaft aus.,1,Sicherer Wiederanlauf nach Behebung.,2
q-19-10-1,m19-pruefungsaufgaben-prozess,Pruefungsfrage Prozess?,Soll-Ist bewerten und Massnahme waehlen.,Abweichung ignorieren.,Immer weiter produzieren.,Toleranz egal.,Nur raten.,0,Prozessfragen sind anwendungsorientiert.,2
q-19-10-2,m19-pruefungsaufgaben-prozess,PAL Prozess: Ausschuss steigt?,Schneller laufen.,Schweigen.,Qualitaet senken.,Plan ignorieren.,"Parameter pruefen, Werkzeug, Material, dokumentieren.",4,Systematische Analyse statt Blindaktion.,2
q-20-01-1,m20-stoerungsart-erkennen,Stoerungsart erkennen?,Nur Farbe.,Nur Urlaub.,Stoerungen gibt es nicht.,"Mechanisch, pneumatisch, elektrisch, prozessbedingt.",Nur Wetter.,3,Einordnung hilft bei Fehlersuche.,2
q-20-01-2,m20-stoerungsart-erkennen,Erstes bei unklarer Stoerung?,Not-Halt ueberbruecken.,Video drehen.,"Sicher absichern, Personen schuetzen.",Sofort auseinanderbauen.,Weiter produzieren.,2,Sicherheit vor Fehlersuche.,2
q-20-02-1,m20-ursache-eingrenzen,Ursache eingrenzen?,Schaltplan ignorieren.,Alles gleichzeitig aendern.,Systematisch von aussen nach innen pruefen.,Zufaellig raten.,Nur eine Komponente wechseln ohne Test.,2,Strukturierte Suche spart Zeit.,2
q-20-02-2,m20-ursache-eingrenzen,Hilfsmittel Fehlersuche?,Nur Hammer.,"Schaltplan, Handbuch, Messgeraete, Erfahrung.",Nur Glueck.,Nur soziale Medien.,Nur Geruechte.,1,Dokumentation unterstuetzt Diagnose.,2
q-20-03-1,m20-korrekturmassnahme,Korrekturmassnahme?,Schuld suchen ohne Fix.,"Ursache beheben, nicht nur Symptom.",Symptom verbergen.,Weiter mit Fehler.,Dokumentation loeschen.,1,Nachhaltige Behebung verhindert Wiederholung.,2
q-20-03-2,m20-korrekturmassnahme,Nach Korrektur?,"Testen, dokumentieren, ggf. Freigabe einholen.",Sofort Serie ohne Test.,Nichts dokumentieren.,Heimlich weiter.,Maschine ohne Pruefung.,0,Verifizierung sichert Erfolg der Massnahme.,2
q-20-04-1,m20-eskalation,Eskalation wann?,Wenn Problem ausserhalb eigener Befugnis oder Kompetenz.,Nie.,Sofort ohne Diagnose.,Erst nach Wochen.,Nur per Geruecht.,0,Rechtzeitige Eskalation verkuerzt Stillstand.,2
q-20-04-2,m20-eskalation,Wen informieren bei schwerer Stoerung?,Niemanden.,Nur Freunde.,Nur Kunden direkt.,Social Media.,"Vorgesetzten, Instandhaltung, gemaess Betriebsregel.",4,Klare Meldewege sind definiert.,2
q-20-05-1,m20-stoerungsdokumentation,Stoerungsdokumentation?,Nichts.,Nur Unterschrift.,Nur Witze.,Geheim.,"Zeit, Symptom, Ursache, Massnahme, Ergebnis.",4,Wissen fuer kuenftige Stoerungen sichern.,2
q-20-05-2,m20-stoerungsdokumentation,Warum Stoerungsprotokoll?,Unnoetig.,Nur Strafe.,Nur einmal.,Wiederholfehler erkennen und Praevention verbessern.,Papierstau.,3,Dokumentation unterstuetzt Instandhaltung.,2
q-20-06-1,m20-systematische-fehlersuche,Systematische Fehlersuche - Schritt?,Raten.,Aufgeben.,Ignorieren.,"Problem beschreiben, Bereiche pruefen, Hypothesen testen.",Alles sofort tauschen.,3,Methodik reduziert Fehlreparaturen.,2
q-20-06-2,m20-systematische-fehlersuche,5-Why-Methode?,Fuenf Personen schulden.,Ohne Dokumentation.,Mehrfach nach Ursache fragen bis Grund gefunden.,Fuenfmal raten.,Nur fuenf Minuten suchen.,2,Ursachenanalyse vertieft Verstaendnis.,2
q-20-07-1,m20-wiederinbetriebnahme,Wiederinbetriebnahme nach Reparatur?,Schutz aus.,Not-Halt dauerhaft aus.,"Funktion pruefen, Schutzeinrichtungen testen, Freigabe.",Sofort Vollast.,Ohne Test.,2,Sicherer Anlauf nach Instandsetzung.,2
q-20-07-2,m20-wiederinbetriebnahme,Probelauf nach Stoerungsbehebung?,Nur nachts.,Sinnvoll bei Prozess- oder Ruestaenderung.,Immer verboten.,Nur bei Holz.,Ersetzt Freigabe nie negativ.,1,Test verhindert Folgeschaeden.,2
q-20-08-1,m20-praeventive-massnahmen,Praeventive Massnahme?,Nur reparieren.,"Wartung, Schulung, Ersatzteile, saubere Dokumentation.",Warten bis kaputt.,Schulung verbieten.,Wartung ignorieren.,1,Vorbeugung reduziert Stillstand.,2
q-20-08-2,m20-praeventive-massnahmen,Beispiel Praevention?,Regelmaessige Schmierung gemaess Plan.,Erst oeln wenn heiss und laut.,Nie schmieren.,Beliebiges Oel.,Schmierung verbieten.,0,Wartungsplaene verhindern Verschleissstoerungen.,2
q-20-09-1,m20-team-bei-stoerung,Team bei Stoerung?,"Information teilen, Aufgaben klar verteilen.",Schweigen.,Schuldspiel.,Alle gleichzeitig ohne Plan.,Kunde allein informieren.,0,Koordination beschleunigt Behebung.,2
q-20-09-2,m20-team-bei-stoerung,Schichtuebergabe bei offener Stoerung?,Nichts sagen.,Stoerung verheimlichen.,Maschine heimlich starten.,Nur muendlich ohne Inhalt.,Status und bisherige Massnahmen dokumentieren.,4,Naechste Schicht kann nahtlos weiterarbeiten.,2
q-20-10-1,m20-pruefungsaufgaben-stoerung,Pruefungsfrage Stoerung?,Schutz aus.,Ignorieren.,Raterei ohne Plan.,"Sicher handeln, systematisch suchen, dokumentieren.",Weiter produzieren.,3,Stoerungsfragen testen sicheres Vorgehen.,2
q-20-10-2,m20-pruefungsaufgaben-stoerung,PAL Stoerung: Not-Halt ausgeloest?,Weiter unter Last.,Nur Lampe aus.,Ursache klaeren vor Ruecksetzen und Neustart.,Sofort ueberbruecken.,Ignorieren.,2,Not-Halt erfordert sichere Freigabe.,2
q-21-01-1,m21-schmierung,Warum Schmierung an Maschinen?,Elektrik ersetzen.,Span erzeugen.,Reibung und Verschleiss reduzieren.,Maschine langsamer machen.,Nur verschmutzen.,2,Schmierung sichert Lauf und Standzeit.,2
q-21-01-2,m21-schmierung,Falsches Schmiermittel?,Nur Geruch.,Kann Lager und Fuehrungen schaedigen.,Immer besser.,Kein Effekt.,Ersetzt Wartung.,1,Herstellervorgaben fuer Schmierstoffe beachten.,2
q-21-02-1,m21-verschleissteile,Verschleissteile erkennen?,Nur Optik.,"Abnutzung, Spiel, ungewoehnlicher Laerm, Leistungsverlust.",Nur Farbe.,Nur wenn komplett kaputt.,Nie pruefen.,1,Frueherkennung verhindert Folgeschaeden.,2
q-21-02-2,m21-verschleissteile,Verschleissteil austauschen?,Gemaess Wartungsplan oder nach Freigabe.,Erst wenn Maschine steht.,Nie.,Beliebiges Ersatzteil.,Ohne Dokumentation.,0,Planmaessiger Austausch sichert Verfuegbarkeit.,2
q-21-03-1,m21-filter-und-dichtungen,Filter in Anlage warten?,Reinigen oder wechseln gemaess Intervall.,Nie.,Erst wenn verstopft.,Mit Wasser spuelen ohne Regel.,Entfernen dauerhaft.,0,Filter schuetzen Pneumatik und Kuehlung.,2
q-21-03-2,m21-filter-und-dichtungen,Undichte Dichtung?,Ignorieren.,Klebeband dauerhaft.,Mehr Druck.,Oel weglassen.,"Austausch planen, Leckage beseitigen.",4,Dichtungen sichern Druck und Sauberkeit.,2
q-21-04-1,m21-wartungsplan,Wartungsplan enthaelt?,Nur Witze.,Nur Urlaub.,Nichts.,Nur Werbung.,"Taetigkeit, Intervall, Verantwortung, Ersatzteile.",4,Plan strukturiert vorbeugende Instandhaltung.,2
q-21-04-2,m21-wartungsplan,Warum Wartungsplan einhalten?,Nur Papier.,Verzoegert Produktion immer.,Nur fuer Neumaschinen.,Betriebsbereitschaft und Sicherheit.,Optional.,3,Vorbeugende Wartung reduziert Ausfaelle.,2
q-21-05-1,m21-vorbeugende-instandhaltung,Vorbeugende Instandhaltung?,Nie warten.,Nur malen.,Nur putzen ohne Plan.,Wartung bevor Schaden auftritt.,Nur reparieren wenn kaputt.,3,Praevention ist guenstiger als Ausfall.,2
q-21-05-2,m21-vorbeugende-instandhaltung,Beispiel vorbeugende Wartung?,Schutz aus.,Ohne Dokumentation.,"Schmierung, Filterwechsel, Inspektion.",Warten bis Rauch.,Not-Halt entfernen.,2,Regelmaessige Pflege verlaengert Lebensdauer.,2
q-21-06-1,m21-inbetriebnahme-nach-wartung,Inbetriebnahme nach Wartung?,Schutz aus.,Not-Halt dauerhaft aus.,"Funktion pruefen, Schutzeinrichtungen testen.",Sofort Vollast.,Ohne Test.,2,Sicherer Anlauf nach Eingriff.,2
q-21-06-2,m21-inbetriebnahme-nach-wartung,Dokumentation nach Wartung?,Loeschen.,Durchgefuehrte Arbeiten und Ersatzteile eintragen.,Nichts.,Nur muendlich.,Geheim.,1,Nachweis fuer Instandhaltung und Garantie.,2
q-21-07-1,m21-wartungsdokumentation,Wartungsdokumentation?,Nur Witze.,"Datum, Taetigkeit, Ergebnis, Name.",Optional immer.,Nur Unterschrift.,Nur Fotos ohne Text.,1,Historie unterstuetzt Planung.,2
q-21-07-2,m21-wartungsdokumentation,Warum Wartungshistorie?,"Intervalle optimieren, Wiederholfehler erkennen.",Unnoetig.,Nur Strafe.,Nur einmal.,Papierstau.,0,Daten verbessern Wartungsstrategie.,2
q-21-08-1,m21-ersatzteile,Ersatzteile lagern?,"Kennzeichnen, trocken, gemaess Hersteller.",Offen im Regen.,Mit Essen mischen.,Ohne Bezeichnung.,Beliebig stapeln.,0,Richtige Lagerung sichert Einsatzfaehigkeit.,2
q-21-08-2,m21-ersatzteile,Originalersatzteil warum?,Immer teuerste Variante ohne Pruefung.,Beliebiges Teil.,Selbst bauen ohne Freigabe.,Ersatz egal.,Passgenauigkeit und Sicherheit.,4,Falsche Teile koennen Anlage schaedigen.,2
q-21-09-1,m21-sicherheit-wartung,Sicherheit bei Wartung?,Unter Last arbeiten.,Not-Halt ueberbruecken.,Ohne Einweisung.,Alleine ohne Meldung in Maschine.,"Freischalten, absichern, PSA, Freigabe.",4,Wartung birgt besondere Gefahren.,2
q-21-09-2,m21-sicherheit-wartung,LOTO-Verfahren?,Nur Schild.,Optional.,Nur bei Pneumatik nie.,Lockout/Tagout - Energie sichern vor Arbeit.,Nur abschliessen.,3,Energiefreischaltung schuetzt Wartende.,2
q-21-10-1,m21-pruefungsaufgaben-wartung,Pruefungsfrage Wartung?,Keine Ersatzteile.,Schutz aus.,"Plan, Sicherheit, Dokumentation zuordnen.",Wartung ignorieren.,Unter Last schmieren.,2,Wartungsfragen sind praxisnah.,2
q-21-10-2,m21-pruefungsaufgaben-wartung,PAL Wartung: Filter ueberfaellig?,Weiter bis Schaden.,"Wechseln gemaess Plan, dokumentieren.",Ignorieren.,Entfernen dauerhaft.,Mit Wasser spuelen ohne Vorgabe.,1,Ueberfaellige Wartung erhoeht Ausfallrisiko.,2
q-22-01-1,m22-qualitaetsmanagement,Was ist Qualitaetsmanagement?,Optional.,"Systematische Planung, Sicherung und Verbesserung von Qualitaet.",Nur Endkontrolle.,Nur Papier.,Nur Reklamation.,1,QM umfasst Prozesse und Verantwortlichkeiten.,2
q-22-01-2,m22-qualitaetsmanagement,Ziel QM im Betrieb?,Kundenzufriedenheit und fehlerarme Prozesse.,Nur schneller ohne Qualitaet.,Dokumentation vermeiden.,Fehler verstecken.,Nur Preis.,0,QM verbindet Qualitaet und Wirtschaftlichkeit.,2
q-22-02-1,m22-fehlerursache-analysieren,Fehlerursache analysieren?,"5-Why, Ishikawa, Daten auswerten.",Schuld suchen ohne Analyse.,Ignorieren.,Nur Geruechte.,Sofort Feuerwehr.,0,Ursachenanalyse verhindert Wiederholung.,2
q-22-02-2,m22-fehlerursache-analysieren,Symptom vs. Ursache?,Gleichbedeutend.,Ursache egal.,Nur Symptom beheben reicht immer.,Kein Unterschied.,"Symptom ist sichtbar, Ursache ist Grund.",4,Ohne Ursachenbehebung kehrt Fehler zurueck.,2
q-22-03-1,m22-korrekturmassnahme-qm,Korrekturmassnahme im QM?,Nur entschuldigen.,Fehler verstecken.,Toleranz erweitern heimlich.,Nichts aendern.,Ursache beseitigen und Wirksamkeit pruefen.,4,Korrekturmassnahmen muessen wirksam sein.,2
q-22-03-2,m22-korrekturmassnahme-qm,Vorbeugemassnahme im QM?,Schweigen.,Dokumentation loeschen.,Qualitaet senken.,Prozess aendern damit Fehler nicht wieder auftritt.,Nur reparieren.,3,Praevention ist Teil des Verbesserungskreises.,2
q-22-04-1,m22-kunststofftechnik,Kunststofftechnik - Spritzguss Parameter?,Nur Gewicht.,Keine Parameter.,Wie Metall identisch.,"Temperatur, Druck, Zeit, Kuehlung.",Nur Farbe.,3,Kunststoffprozesse sind parameterempfindlich.,2
q-22-04-2,m22-kunststofftechnik,Schwindung beim Spritzguss?,Mass waechst immer.,Kein Thema.,In Werkzeugauslegung beruecksichtigen.,Ignorieren.,Nur bei Metall.,2,Schwindung beeinflusst Masshaltigkeit.,2
q-22-05-1,m22-prozessparameter-kunststoff,Prozessparameter Kunststoff anpassen?,Nur maximal.,Ohne Messung.,Nach Erstteil und Qualitaetsvorgabe.,Blind.,Nie.,2,Feinjustage sichert Teilqualitaet.,2
q-22-05-2,m22-prozessparameter-kunststoff,Typischer Fehler Spritzguss?,Immer i.O.,"Einfallstellen, Grat, Farbvariation.",Nur bei Metall.,Keine Fehler moeglich.,Nur Optik ohne Bedeutung.,1,Prozesskenntnis erkennt typische Fehlerbilder.,2
q-22-06-1,m22-bze-qm-kunststoff,BZE QM Kunststoff?,Nur Sprache.,Qualitaetskriterien und Prozessverstaendnis vertiefen.,Nur Theorie.,Nur Holz.,Kein Bezug.,1,BZE verbindet QM mit Kunststoffpraxis.,2
q-22-06-2,m22-bze-qm-kunststoff,Warum QM und Kunststoff kombiniert?,Viele MAF-Anlagen verarbeiten Kunststoffbauteile.,Nur Nebenfach.,Kein Bezug zum Beruf.,Nur Metall relevant.,Ersetzt Ausbildung.,0,Schwerpunkt Metall/Kunststoff umfasst beides.,2
q-22-07-1,m22-pruefplan-qm,Pruefplan QM?,"Definiert was, wie oft, womit geprueft wird.",Optional.,Nur Sicht.,Nur am Ende.,Ohne Merkmale.,0,Pruefplan ist zentrales QM-Werkzeug.,2
q-22-07-2,m22-pruefplan-qm,Pruefhaeufigkeit im Plan?,Immer nie.,Beliebig.,Nur einmal.,Nur bei Reklamation.,Nach Risiko und Kundenanforderung.,4,Kritische Merkmale brauchen haeufigere Pruefung.,2
q-22-08-1,m22-qualitaetsabweichung,Qualitaetsabweichung melden?,Verstecken.,Serie weiter.,Kunde informieren allein.,Ignorieren.,Sofort an QS/Vorgesetzten gemaess Prozess.,4,Fruehe Meldung begrenzt Schaden.,2
q-22-08-2,m22-qualitaetsabweichung,Sperrung fehlerhafter Teile?,Weiter bearbeiten.,Ohne Kennzeichnung.,Verstecken.,Kennzeichnen und vom Prozess trennen.,Mit i.O. mischen.,3,Sperrung verhindert Fehlversand.,2
q-22-09-1,m22-dokumentation-qm,QM-Dokumentation?,Nur Hobbys.,Geheim.,Loeschen.,"Pruefprotokolle, Massnahmen, Freigaben.",Nichts.,3,Nachweis fuer Audits und Verbesserung.,2
q-22-09-2,m22-dokumentation-qm,Warum QM-Dokumente aufbewahren?,Nur ein Tag.,Nur Chef.,Rueckverfolgbarkeit und rechtliche Anforderungen.,Papierstau.,Unnoetig.,2,Aufbewahrungsfristen sind geregelt.,2
q-22-10-1,m22-pruefungsaufgaben-qm,Pruefungsfrage QM?,Dokumentation weglassen.,"Ursache, Massnahme, Praevention unterscheiden.",Alles gleich.,Nur schnell.,Qualitaet egal.,1,QM-Fragen sind prozessorientiert.,2
q-22-10-2,m22-pruefungsaufgaben-qm,PAL QM: wiederholter Fehler?,Ursachenanalyse und vorbeugende Massnahme.,Ignorieren.,Nur entschuldigen.,Toleranz erweitern.,Schweigen.,0,Wiederholfehler erfordern systemische Loesung.,2
q-23-01-1,m23-blechbearbeitung,Was ist Blechbearbeitung?,Formen und Trennen duenner Metallplatten.,Nur Giessen.,Nur Spritzguss.,Nur Drehen.,Nur messen.,0,Blech ist wichtiger Bereich in Metalltechnik.,2
q-23-01-2,m23-blechbearbeitung,Typische Blechverfahren?,Nur Schweissen Holz.,Nur Giessen Beton.,Nur Weben.,Nur Naehen.,"Schneiden, Abkanten, Stanzen.",4,Blech durchlaeuft mehrere Fertigungsschritte.,2
q-23-02-1,m23-zuschnitt-und-kanten,Zuschnitt Blech?,Nur feilen.,Nur biegen.,Ohne Mass.,Nur malen.,"Platte auf Masse schneiden z. B. Schere, Laser.",4,Zuschnitt ist erster Schritt.,2
q-23-02-2,m23-zuschnitt-und-kanten,Kanten entgraten?,Optional immer.,Nur Optik.,Nur bei Kunststoff.,"Verletzungsgefahr reduzieren, Passung verbessern.",Grate stehen lassen.,3,Scharfe Kanten sind Gefahr und Qualitaetsmangel.,2
q-23-03-1,m23-blechkurs-bze,Blechkurs BZE vermittelt?,Nur Sprache.,Kein Blech.,Nur Software.,"Abkanten, Lesen von Blechzeichnungen, Sicherheit.",Nur Theorie.,3,BZE Blechkurs ist praxisnah.,2
q-23-03-2,m23-blechkurs-bze,Warum Blechkurs fuer MAF?,Nur Meister.,Ersetzt Ausbildung.,Blechteile sind in vielen Produkten enthalten.,Nur Nebenfach.,Nie im Betrieb.,2,Blechkompetenz erweitert Einsatzfaehigkeit.,2
q-23-04-1,m23-integrierter-praxisfall,Integrierter Praxisfall?,Ohne Pruefung.,Ohne Sicherheit.,"Planen, fertigen, pruefen, dokumentieren in einem Durchlauf.",Nur Theorie.,Nur Zeichnen.,2,Praxisfall simuliert Betriebs- und Pruefungssituation.,2
q-23-04-2,m23-integrierter-praxisfall,Erfolg im Praxisfall?,Keine Dokumentation.,"Teil i.O., sicher gearbeitet, dokumentiert.",Nur schnell.,Toleranz egal.,Schutz aus.,1,Praxisfall prueft Gesamtkompetenz.,2
q-23-05-1,m23-arbeitsschutz-blech,Arbeitsschutz Blech?,Fluchtweg blockieren.,"Schnittgefahr, scharfe Kanten, schwere Platten sicher heben.",Ohne Handschuhe an scharfen Kanten.,Platten tragen allein ohne Hilfe.,Schutz egal.,1,Blechbearbeitung hat typische Gefahren.,2
q-23-05-2,m23-arbeitsschutz-blech,PSA beim Blech?,"Handschuhe, Sicherheitsschuhe, ggf. Brille.",Sandalen.,Keine PSA.,Nur Mode.,Schutz verboten.,0,PSA reduziert Verletzungsrisiko.,2
q-23-06-1,m23-messung-blech,Messung Blech?,"Laenge, Winkel, Biegeradius mit passendem Mittel.",Nur schaetzen.,Nur wiegen.,Nur Farbe.,Ohne Werkzeug.,0,Blechmasse muessen zur Zeichnung passen.,2
q-23-06-2,m23-messung-blech,Winkel am abgekanteten Blech?,Nur Augenmass immer.,Thermometer.,Barometer.,Nur Lineal fuer Winkel.,Mit Winkelmesser oder Gehrungsmessgeraet pruefen.,4,Winkelabweichungen beeinflussen Passung.,2
q-23-07-1,m23-dokumentation-praxisfall,Dokumentation Praxisfall?,Nichts.,Nur Unterschrift.,Geheim.,Nur Witze.,"Arbeitsschritte, Messwerte, Ergebnis.",4,Dokumentation ist Teil der Bewertung.,2
q-23-07-2,m23-dokumentation-praxisfall,Warum Praxisfall dokumentieren?,Nur Strafe.,Nur einmal.,Papierstau.,Nachvollziehbarkeit fuer Pruefer und Lernen.,Unnoetig.,3,Protokoll zeigt fachliches Vorgehen.,2
q-23-08-1,m23-qualitaet-blech,Qualitaet Blech?,Nur Gewicht.,Egal.,Nur schnell.,"Mass, Winkel, Oberflaeche, Gratfreiheit.",Nur Farbe.,3,Mehrere Merkmale bestimmen Qualitaet.,2
q-23-08-2,m23-qualitaet-blech,Blechteil verzogen?,Toleranz selbst erweitern.,Verstecken.,"Biegefolge oder Werkzeug pruefen, ggf. Nacharbeit.",Ignorieren.,Weiter biegen blind.,2,Verzug deutet auf Prozessproblem.,2
q-23-09-1,m23-werkzeug-blech,Werkzeug Blech?,Nur Hammer.,Messschieber als Biegebank.,"Abkantwerkzeug, Scheren, Stanze passend zum Material.",Holzsaegen.,Pinsel.,2,Werkzeug muss zu Materialdicke passen.,2
q-23-09-2,m23-werkzeug-blech,Materialdicke Blech beachten?,Immer gleich.,Beeinflusst Biegeradius und Werkzeugwahl.,Egal.,Nur Farbe.,Nur Gewicht.,1,Dicke ist zentraler Parameter.,2
q-23-10-1,m23-pruefungsaufgaben-blech,Pruefungsfrage Blech?,"Zuschnitt, Abkanten, Pruefen in sinnvoller Folge.",Abkanten vor Zuschnitt immer.,Ohne Mass.,Schutz ignorieren.,Nur raten.,0,Blechaufgaben testen Verfahrenswissen.,2
q-23-10-2,m23-pruefungsaufgaben-blech,PAL Blech: sicherste Variante?,Schnell ohne Plan.,Grate ignorieren.,Schutz aus.,Toleranz egal.,"Zeichnung lesen, PSA, Werkzeug pruefen, messen, dokumentieren.",4,Strukturiertes Vorgehen ist pruefungsrelevant.,2
q-24-01-1,m24-abschlusspruefung-theorie,Wann findet die Abschlusspruefung beim MAF statt?,Am ersten Tag.,Nach 6 Monaten.,Nur muendlich ohne Praxis.,Nie bei Metall/Kunststoff.,Am Ende der 24-monatigen Ausbildung.,4,AP schliesst die duale Ausbildung ab.,2
q-24-01-2,m24-abschlusspruefung-theorie,Welche Pruefungsbereiche hat die schriftliche AP?,Nur Berichtsheft-Stil.,Nur Fremdsprache.,Keine schriftliche AP.,"Produktionstechnik, Produktionsplanung, WiSo.",Nur Sport.,3,AP prueft Fach- und Wirtschaftskompetenz.,2
q-24-02-1,m24-produktionstechnik-ap,Produktionstechnik AP - Thema?,Nur Marketing.,Nur Gaertnerei.,Nur Design.,"Fertigungsverfahren, Werkstoffe, Maschinen, Qualitaet.",Nur Buchhaltung.,3,Fachliche Produktionsinhalte sind Pruefungskern.,2
q-24-02-2,m24-produktionstechnik-ap,Typische AP-Frage Produktionstechnik?,Zeichnung ignorieren.,Immer raten.,"Verfahren, Werkzeug oder Parameter zuordnen.",Nur Rechtschreibung.,Nur Farben.,2,Anwendungsbezogene Single-Choice-Aufgaben.,2
q-24-03-1,m24-produktionsplanung-ap,Produktionsplanung AP - Inhalt?,Nur Werbung.,Keine Planung.,"Arbeitsfolge, Termine, Material, Schnittstellen.",Nur Kantinenplan.,Nur Urlaub.,2,Planungskompetenz wird in AP geprueft.,2
q-24-03-2,m24-produktionsplanung-ap,AP Planung: Terminverzug vermeiden?,Chaos.,"Kommunizieren, priorisieren, Puffer einplanen.",Schweigen.,Qualitaet opfern.,Sicherheit ignorieren.,1,Wirtschaftliches Handeln ist Pruefungsthema.,2
q-24-04-1,m24-wiso-grundlagen,WiSo in der AP prueft?,Nur Chemie.,"Wirtschafts- und Sozialkunde, Arbeitsrecht Grundlagen.",Nur Maschinenbedienung.,Nur Zeichnen.,Nur Pneumatik.,1,WiSo ist eigener Pruefungsbereich.,2
q-24-04-2,m24-wiso-grundlagen,Beispiel WiSo-Thema?,Rechte und Pflichten in Ausbildung und Arbeitsvertrag.,Drehzahl berechnen.,Pneumatik schalten.,Blech abkanten.,Messschieber lesen.,0,WiSo ergaenzt fachliche Pruefung.,2
q-24-05-1,m24-praktische-ap-aufgabe,Praktische AP-Aufgabe?,"Fertigungsaufgabe planen, ausfuehren, pruefen, dokumentieren.",Nur Theorie.,Nur muendlich.,Ohne Werkstueck.,Ohne Sicherheit.,0,Praxisanteil prueft Gesamtkompetenz.,2
q-24-05-2,m24-praktische-ap-aufgabe,Erfolg praktische AP?,Nur schnell.,Toleranz egal.,Schutz aus.,Keine Messung.,"Sicheres Arbeiten, i.O.-Ergebnis, Nachvollziehbare Dokumentation.",4,"Qualitaet, Sicherheit und Dokumentation zaehlen.",2
q-24-06-1,m24-zeitmanagement-ap,Zeitmanagement AP?,Alles ans Ende.,Messung weglassen.,Ohne Plan.,Pause maximieren.,"Aufgabe einteilen, Puffer fuer Messen und Dokumentation.",4,Zeitplanung verhindert Hektikfehler.,2
q-24-06-2,m24-zeitmanagement-ap,Bei Zeitdruck in AP?,Qualitaet ignorieren.,Aufgeben ohne Meldung.,Chaos produzieren.,"Prioritaeten setzen, sicher bleiben, Pruefer informieren.",Sicherheit opfern.,3,Struktur auch unter Druck.,2
q-24-07-1,m24-wiederholung-jahr-2,Wiederholung Jahr 2 vor AP?,Nichts.,Nur WiSo.,Nur Berichtsheft.,"Ruesten, Prozess, QM, Steuerung, Wartung, Stoerungen.",Nur Monat 1.,3,AP umfasst Gesamtausbildung mit Schwerpunkt Jahr 2.,2
q-24-07-2,m24-wiederholung-jahr-2,Sinnvolle AP-Vorbereitung?,Nur richtige Fragen.,Pruefungsordnung ignorieren.,Pruefungsbereiche und schwache Kategorien gezielt trainieren.,Nur am Vorabend.,Gar nicht.,2,Strukturierte Wiederholung sichert Pruefungsreife.,2
q-24-08-1,m24-bze-pvap,BZE PVAP bereitet vor auf?,Nur Urlaub.,Keine Pruefung.,Praktische und schriftliche Abschlusspruefung.,Nur ZP.,Nur Berufsschulzeugnis.,2,PVAP ist pruefungsnahe Vorbereitung.,2
q-24-08-2,m24-bze-pvap,Nutzen PVAP-Kurs?,Nur fuer Meister.,Pruefungssituationen unter Anleitung ueben.,Ersetzt alle Pruefungen.,Nur Theorie.,Ohne Maschine.,1,Uebung reduziert Pruefungsstress.,2
q-24-09-1,m24-pruefungsordnung-ihk,Pruefungsordnung IHK regelt?,Nur interne Spiele.,"Bestehensregeln, Pruefungsformen, Nachteilsausgleich.",Nur Kantinenpreise.,Nur Wetter.,Nur Design.,1,PO ist verbindliche Grundlage.,2
q-24-09-2,m24-pruefungsordnung-ihk,Wo findest du AP-Termine und Anmeldung?,"Bei der zustaendigen IHK, z. B. IHK Aachen.",Nur in Foren.,Nur bei Freunden.,Automatisch ohne Anmeldung.,Nur in der App.,0,IHK organisiert und informiert zu Pruefungen.,2
q-24-10-1,m24-pruefungsaufgaben-ap,Pruefungsfrage AP Gesamt?,Schnellste unsichere Variante.,Schutz ignorieren.,Mehrere Antworten.,Zeichnung ignorieren.,Fachlich sichere Entscheidung in Produktion und Planung.,4,AP testet Gesamtkompetenz des MAF.,2
q-24-10-2,m24-pruefungsaufgaben-ap,PAL AP: gebundene Aufgabe bearbeiten?,Laengste Antwort immer.,Ohne Lesen raten.,Symbole ignorieren.,"Genau lesen, eine Antwort markieren, begruenden koennen.",Mehrere markieren.,3,PAL-Format erfordert praezises Lesen und Markieren.,2
